PRAGMA foreign_keys=OFF;
BEGIN TRANSACTION;
CREATE TABLE "django_migrations" ("id" integer NOT NULL PRIMARY KEY AUTOINCREMENT, "app" varchar(255) NOT NULL, "name" varchar(255) NOT NULL, "applied" datetime NOT NULL);
INSERT INTO "django_migrations" VALUES(1,'contenttypes','0001_initial','2015-12-07 07:32:49.699017');
INSERT INTO "django_migrations" VALUES(2,'auth','0001_initial','2015-12-07 07:32:49.738021');
INSERT INTO "django_migrations" VALUES(3,'admin','0001_initial','2015-12-07 07:32:49.762486');
INSERT INTO "django_migrations" VALUES(4,'cradmin_generic_token_with_metadata','0001_initial','2015-12-07 07:32:49.772516');
INSERT INTO "django_migrations" VALUES(5,'cradmin_imagearchive','0001_initial','2015-12-07 07:32:49.785199');
INSERT INTO "django_migrations" VALUES(6,'cradmin_imagearchive','0002_archiveimage_file_size','2015-12-07 07:32:49.806276');
INSERT INTO "django_migrations" VALUES(7,'cradmin_imagearchive','0003_auto_20151017_0139','2015-12-07 07:32:49.840138');
INSERT INTO "django_migrations" VALUES(8,'cradmin_temporaryfileuploadstore','0001_initial','2015-12-07 07:32:49.893118');
INSERT INTO "django_migrations" VALUES(9,'cradmin_temporaryfileuploadstore','0002_temporaryfilecollection_singlemode','2015-12-07 07:32:49.933275');
INSERT INTO "django_migrations" VALUES(10,'cradmin_temporaryfileuploadstore','0003_temporaryfilecollection_max_filesize_bytes','2015-12-07 07:32:49.983700');
INSERT INTO "django_migrations" VALUES(11,'cradmin_temporaryfileuploadstore','0004_auto_20151017_1947','2015-12-07 07:32:50.040237');
INSERT INTO "django_migrations" VALUES(12,'listfilterdemo','0001_initial','2015-12-07 07:32:50.089777');
INSERT INTO "django_migrations" VALUES(13,'sessions','0001_initial','2015-12-07 07:32:50.103736');
INSERT INTO "django_migrations" VALUES(14,'webdemo','0001_initial','2015-12-07 07:32:50.181569');
INSERT INTO "django_migrations" VALUES(15,'webdemo','0002_auto_20151207_0351','2015-12-07 07:32:50.251115');
INSERT INTO "django_migrations" VALUES(16,'webdemo','0003_auto_20151207_0351','2015-12-07 07:32:50.316818');
INSERT INTO "django_migrations" VALUES(17,'webdemo','0004_auto_20151207_0429','2015-12-07 07:32:50.385083');
INSERT INTO "django_migrations" VALUES(18,'contenttypes','0002_remove_content_type_name','2015-12-18 15:14:26.705084');
INSERT INTO "django_migrations" VALUES(19,'auth','0002_alter_permission_name_max_length','2015-12-18 15:14:26.720589');
INSERT INTO "django_migrations" VALUES(20,'auth','0003_alter_user_email_max_length','2015-12-18 15:14:26.735418');
INSERT INTO "django_migrations" VALUES(21,'auth','0004_alter_user_username_opts','2015-12-18 15:14:26.750645');
INSERT INTO "django_migrations" VALUES(22,'auth','0005_alter_user_last_login_null','2015-12-18 15:14:26.765385');
INSERT INTO "django_migrations" VALUES(23,'auth','0006_require_contenttypes_0002','2015-12-18 15:14:26.766499');
INSERT INTO "django_migrations" VALUES(24,'webdemo','0005_page_starred','2016-01-16 22:43:18.918326');
CREATE TABLE "thumbnail_kvstore" (
    "key" varchar(200) NOT NULL PRIMARY KEY,
    "value" text NOT NULL
);
INSERT INTO "thumbnail_kvstore" VALUES('sorl-thumbnail||image||1e8731764b36d215d38866c25e361610','{"size": [200, 252], "storage": "sorl.thumbnail.images.UrlStorage", "name": "http://cradmin.dev:9000/media/cradmin_imagearchive_images/1-cab695da-9cb4-11e5-ae6a-a0999b0b3e01.jpg"}');
INSERT INTO "thumbnail_kvstore" VALUES('sorl-thumbnail||image||f66dae53cc2d8b5f722acb7ed5062ee7','{"size": [170, 100], "storage": "django.core.files.storage.FileSystemStorage", "name": "sorlcache/e4/95/e49522aa23e51cb5aa9be9f5856c624a.jpg"}');
INSERT INTO "thumbnail_kvstore" VALUES('sorl-thumbnail||thumbnails||1e8731764b36d215d38866c25e361610','["f66dae53cc2d8b5f722acb7ed5062ee7"]');
INSERT INTO "thumbnail_kvstore" VALUES('sorl-thumbnail||image||44aa3ebe397bd424b68c9e5887ec2b53','{"size": [200, 252], "storage": "django.core.files.storage.FileSystemStorage", "name": "sorlcache/34/a8/34a84b3d67ad51212cb81fc758fb9e61.jpg"}');
INSERT INTO "thumbnail_kvstore" VALUES('sorl-thumbnail||image||3774f8db6c7a98bd20ba6c03a95432ed','{"size": [300, 200], "storage": "django.core.files.storage.FileSystemStorage", "name": "sorlcache/a6/0b/a60b12283c19a2e2113ed62c86e8f90d.jpg"}');
INSERT INTO "thumbnail_kvstore" VALUES('sorl-thumbnail||image||785adca53ba7b9f0b577fc6561ae4f68','{"storage": "django.core.files.storage.FileSystemStorage", "size": [48, 60], "name": "sorlcache/62/3e/623e5f2054814dae2a322f080479798c.jpg"}');
INSERT INTO "thumbnail_kvstore" VALUES('sorl-thumbnail||image||426edc2b0c78e1bf47e6d833136894ee','{"storage": "django.core.files.storage.FileSystemStorage", "name": "sorlcache/f7/e0/f7e0914e4a2d0904d26f926af8a6fdd2.jpg", "size": [200, 252]}');
INSERT INTO "thumbnail_kvstore" VALUES('sorl-thumbnail||image||f019a9d15c2767e1c39b035d6a760e3f','{"name": "http://cradmin.dev:9000/media/cradmin_imagearchive_images/2-17d01142-a57e-11e5-9201-a0999b0b3e01.jpg", "size": [800, 500], "storage": "sorl.thumbnail.images.UrlStorage"}');
INSERT INTO "thumbnail_kvstore" VALUES('sorl-thumbnail||image||e173e319aee9eb73cda810d366a81952','{"name": "sorlcache/52/09/52095eae27500d3cb1b6ce92fe27f77d.jpg", "size": [170, 100], "storage": "django.core.files.storage.FileSystemStorage"}');
INSERT INTO "thumbnail_kvstore" VALUES('sorl-thumbnail||thumbnails||f019a9d15c2767e1c39b035d6a760e3f','["e173e319aee9eb73cda810d366a81952"]');
INSERT INTO "thumbnail_kvstore" VALUES('sorl-thumbnail||image||e277f4aed18b67c8c32e56abab7c3f85','{"name": "sorlcache/20/63/2063dc4891e1e0a00e91e7f919005f4d.jpg", "size": [330, 206], "storage": "django.core.files.storage.FileSystemStorage"}');
INSERT INTO "thumbnail_kvstore" VALUES('sorl-thumbnail||image||5563ca613a4bdaa435617e96bf35c6d7','{"storage": "sorl.thumbnail.images.UrlStorage", "name": "http://cradmin.dev:9000/media/cradmin_imagearchive_images/3-8b8bcb7a-b536-11e5-aadc-a0999b0b3e01.jpg", "size": [800, 500]}');
INSERT INTO "thumbnail_kvstore" VALUES('sorl-thumbnail||image||d7bcfb28d61f5608cd6b98461dd757d3','{"storage": "django.core.files.storage.FileSystemStorage", "name": "sorlcache/39/e9/39e94c8052dbf1d33c4866d5ab663457.jpg", "size": [170, 100]}');
INSERT INTO "thumbnail_kvstore" VALUES('sorl-thumbnail||thumbnails||5563ca613a4bdaa435617e96bf35c6d7','["d7bcfb28d61f5608cd6b98461dd757d3"]');
INSERT INTO "thumbnail_kvstore" VALUES('sorl-thumbnail||image||2651c68a56918a9745da75a841e86cce','{"storage": "django.core.files.storage.FileSystemStorage", "name": "sorlcache/91/71/9171989fb44f5a0cee0777661c56de93.jpg", "size": [330, 206]}');
INSERT INTO "thumbnail_kvstore" VALUES('sorl-thumbnail||image||a4913b4c899ca19d795a438f3632bad9','{"storage": "sorl.thumbnail.images.UrlStorage", "name": "http://cradmin.dev:9000/media/cradmin_imagearchive_images/4-f7ed61d8-b536-11e5-a4f7-a0999b0b3e01.jpg", "size": [800, 500]}');
INSERT INTO "thumbnail_kvstore" VALUES('sorl-thumbnail||image||80c4321e4e9eb34960dd1a39aa2b5d26','{"storage": "django.core.files.storage.FileSystemStorage", "name": "sorlcache/06/26/06264caca926038a05cf345ae79481d1.jpg", "size": [170, 100]}');
INSERT INTO "thumbnail_kvstore" VALUES('sorl-thumbnail||thumbnails||a4913b4c899ca19d795a438f3632bad9','["80c4321e4e9eb34960dd1a39aa2b5d26"]');
INSERT INTO "thumbnail_kvstore" VALUES('sorl-thumbnail||image||7760a9749e5fa3c37c3ebbf7f7129b18','{"storage": "django.core.files.storage.FileSystemStorage", "name": "sorlcache/a1/93/a1932be5902d7657b7544460b02b0803.jpg", "size": [330, 206]}');
INSERT INTO "thumbnail_kvstore" VALUES('sorl-thumbnail||image||7097e1938725d7992faf27b2bdef423b','{"name": "http://cradmin.dev:9000/media/cradmin_imagearchive_images/5-c24275ba-b538-11e5-90e0-a0999b0b3e01.jpg", "storage": "sorl.thumbnail.images.UrlStorage", "size": [200, 252]}');
INSERT INTO "thumbnail_kvstore" VALUES('sorl-thumbnail||image||2a8bdeca3fafbb43ccd36d3a40aec546','{"name": "sorlcache/be/32/be326ad5515c6955c739635a9ff3b348.jpg", "storage": "django.core.files.storage.FileSystemStorage", "size": [170, 100]}');
INSERT INTO "thumbnail_kvstore" VALUES('sorl-thumbnail||thumbnails||7097e1938725d7992faf27b2bdef423b','["2a8bdeca3fafbb43ccd36d3a40aec546"]');
INSERT INTO "thumbnail_kvstore" VALUES('sorl-thumbnail||image||64d9e5344a9fbc500e1b8a1e194bda51','{"name": "sorlcache/3f/60/3f605aaa1cb869d77281b13949bf50e1.jpg", "storage": "django.core.files.storage.FileSystemStorage", "size": [200, 252]}');
INSERT INTO "thumbnail_kvstore" VALUES('sorl-thumbnail||image||8b070252d477a136962d7eefe14ca6af','{"name": "http://cradmin.dev:9000/media/cradmin_imagearchive_images/6-0d538164-b53b-11e5-9766-a0999b0b3e01.jpg", "storage": "sorl.thumbnail.images.UrlStorage", "size": [800, 500]}');
INSERT INTO "thumbnail_kvstore" VALUES('sorl-thumbnail||image||17faf3c79710bf19905900c2f5236356','{"name": "sorlcache/8c/d0/8cd0a4ad3535aede2d295a4a830cd1b2.jpg", "storage": "django.core.files.storage.FileSystemStorage", "size": [170, 100]}');
INSERT INTO "thumbnail_kvstore" VALUES('sorl-thumbnail||thumbnails||8b070252d477a136962d7eefe14ca6af','["17faf3c79710bf19905900c2f5236356"]');
INSERT INTO "thumbnail_kvstore" VALUES('sorl-thumbnail||image||1d1eff459fae6c91c01a24222207d25d','{"name": "sorlcache/22/f5/22f59d495d616a8c234b654fdd7f51fd.jpg", "storage": "django.core.files.storage.FileSystemStorage", "size": [330, 206]}');
INSERT INTO "thumbnail_kvstore" VALUES('sorl-thumbnail||image||5d8e4c6383fa4899b780daeccb320d36','{"size": [800, 500], "storage": "sorl.thumbnail.images.UrlStorage", "name": "http://cradmin.dev:9000/media/cradmin_imagearchive_images/7-a8c7716e-b53b-11e5-8298-a0999b0b3e01.jpg"}');
INSERT INTO "thumbnail_kvstore" VALUES('sorl-thumbnail||image||db59c3051a06f81dd747f5827b3c12fd','{"size": [170, 100], "storage": "django.core.files.storage.FileSystemStorage", "name": "sorlcache/70/44/704485703a8467e3b0fcdf38c17be600.jpg"}');
INSERT INTO "thumbnail_kvstore" VALUES('sorl-thumbnail||thumbnails||5d8e4c6383fa4899b780daeccb320d36','["db59c3051a06f81dd747f5827b3c12fd"]');
INSERT INTO "thumbnail_kvstore" VALUES('sorl-thumbnail||image||0b99b08727fb92e194cb928079a7cb57','{"size": [330, 206], "storage": "django.core.files.storage.FileSystemStorage", "name": "sorlcache/ae/89/ae89ba87ffced5d57b43318b4d2573db.jpg"}');
INSERT INTO "thumbnail_kvstore" VALUES('sorl-thumbnail||image||11e6d4a59889a0bc459c56dee0f54ec2','{"storage": "sorl.thumbnail.images.UrlStorage", "name": "http://cradmin.dev:9000/media/cradmin_imagearchive_images/8-923da192-b53e-11e5-8cb8-a0999b0b3e01.jpg", "size": [200, 252]}');
INSERT INTO "thumbnail_kvstore" VALUES('sorl-thumbnail||image||d47e5ac5eecd705da7193d6be1ba1593','{"storage": "django.core.files.storage.FileSystemStorage", "name": "sorlcache/18/41/1841649f6bf8a59da557ff268aa0ac33.jpg", "size": [170, 100]}');
INSERT INTO "thumbnail_kvstore" VALUES('sorl-thumbnail||thumbnails||11e6d4a59889a0bc459c56dee0f54ec2','["d47e5ac5eecd705da7193d6be1ba1593"]');
INSERT INTO "thumbnail_kvstore" VALUES('sorl-thumbnail||image||a9907e2145d0e5cc5bddca20d016dbde','{"storage": "django.core.files.storage.FileSystemStorage", "name": "sorlcache/e1/36/e1360638e258d4b2b889592cb5427191.jpg", "size": [200, 252]}');
CREATE TABLE "polls_demo_question" (
    "id" integer NOT NULL PRIMARY KEY AUTOINCREMENT,
    "question_text" varchar(200) NOT NULL,
    "pub_date" datetime NOT NULL
);
CREATE TABLE "polls_demo_choice" (
    "id" integer NOT NULL PRIMARY KEY AUTOINCREMENT,
    "question_id" integer NOT NULL REFERENCES "polls_demo_question" ("id"),
    "choice_text" varchar(200) NOT NULL,
    "votes" integer NOT NULL
);
CREATE TABLE "auth_group" ("id" integer NOT NULL PRIMARY KEY AUTOINCREMENT, "name" varchar(80) NOT NULL UNIQUE);
CREATE TABLE "auth_group_permissions" ("id" integer NOT NULL PRIMARY KEY AUTOINCREMENT, "group_id" integer NOT NULL REFERENCES "auth_group" ("id"), "permission_id" integer NOT NULL REFERENCES "auth_permission" ("id"), UNIQUE ("group_id", "permission_id"));
CREATE TABLE "auth_user_groups" ("id" integer NOT NULL PRIMARY KEY AUTOINCREMENT, "user_id" integer NOT NULL REFERENCES "auth_user" ("id"), "group_id" integer NOT NULL REFERENCES "auth_group" ("id"), UNIQUE ("user_id", "group_id"));
CREATE TABLE "auth_user_user_permissions" ("id" integer NOT NULL PRIMARY KEY AUTOINCREMENT, "user_id" integer NOT NULL REFERENCES "auth_user" ("id"), "permission_id" integer NOT NULL REFERENCES "auth_permission" ("id"), UNIQUE ("user_id", "permission_id"));
CREATE TABLE "django_admin_log" ("id" integer NOT NULL PRIMARY KEY AUTOINCREMENT, "action_time" datetime NOT NULL, "object_id" text NULL, "object_repr" varchar(200) NOT NULL, "action_flag" smallint unsigned NOT NULL, "change_message" text NOT NULL, "content_type_id" integer NULL REFERENCES "django_content_type" ("id"), "user_id" integer NOT NULL REFERENCES "auth_user" ("id"));
INSERT INTO "django_admin_log" VALUES(1,'2015-12-08 05:20:25.201512','1','Red socks',1,'',19,1);
INSERT INTO "django_admin_log" VALUES(2,'2015-12-08 05:20:38.847695','2','Green socks',1,'',19,1);
INSERT INTO "django_admin_log" VALUES(3,'2015-12-08 05:20:51.512280','3','Black socks',1,'',19,1);
INSERT INTO "django_admin_log" VALUES(4,'2015-12-08 05:21:24.647241','4','Virus infected USB-stick 256GB',1,'',19,1);
INSERT INTO "django_admin_log" VALUES(5,'2015-12-08 05:21:31.275006','5','Virus infected USB-stick 64GB',1,'',19,1);
CREATE TABLE "cradmin_generic_token_with_metadata_generictokenwithmetadata" ("id" integer NOT NULL PRIMARY KEY AUTOINCREMENT, "app" varchar(255) NOT NULL, "token" varchar(100) NOT NULL UNIQUE, "created_datetime" datetime NOT NULL, "expiration_datetime" datetime NULL, "single_use" bool NOT NULL, "metadata_json" text NOT NULL, "object_id" integer unsigned NOT NULL, "content_type_id" integer NOT NULL REFERENCES "django_content_type" ("id"));
CREATE TABLE "cradmin_imagearchive_archiveimage" ("id" integer NOT NULL PRIMARY KEY AUTOINCREMENT, "role_object_id" integer unsigned NOT NULL, "image" varchar(255) NULL, "image_height" integer NULL, "image_width" integer NULL, "file_extension" varchar(255) NOT NULL, "description" text NOT NULL, "created_datetime" datetime NOT NULL, "role_content_type_id" integer NOT NULL REFERENCES "django_content_type" ("id"), "file_size" integer unsigned NULL, "name" varchar(255) NOT NULL);
INSERT INTO "cradmin_imagearchive_archiveimage" VALUES(1,1,'cradmin_imagearchive_images/1-cab695da-9cb4-11e5-ae6a-a0999b0b3e01.jpg',252,200,'.jpg','','2015-12-07 07:33:21.366757',12,13732,'15.jpg');
INSERT INTO "cradmin_imagearchive_archiveimage" VALUES(2,1,'cradmin_imagearchive_images/2-17d01142-a57e-11e5-9201-a0999b0b3e01.jpg',500,800,'.jpg','','2015-12-18 11:54:28.861297',12,75894,'21.jpg');
INSERT INTO "cradmin_imagearchive_archiveimage" VALUES(3,1,'cradmin_imagearchive_images/3-8b8bcb7a-b536-11e5-aadc-a0999b0b3e01.jpg',500,800,'.jpg','','2016-01-07 12:02:37.871424',12,75894,'21.jpg');
INSERT INTO "cradmin_imagearchive_archiveimage" VALUES(4,1,'cradmin_imagearchive_images/4-f7ed61d8-b536-11e5-a4f7-a0999b0b3e01.jpg',500,800,'.jpg','','2016-01-07 12:05:39.704724',12,75894,'21.jpg');
INSERT INTO "cradmin_imagearchive_archiveimage" VALUES(5,1,'cradmin_imagearchive_images/5-c24275ba-b538-11e5-90e0-a0999b0b3e01.jpg',252,200,'.jpg','','2016-01-07 12:18:28.658987',12,13732,'15.jpg');
INSERT INTO "cradmin_imagearchive_archiveimage" VALUES(6,1,'cradmin_imagearchive_images/6-0d538164-b53b-11e5-9766-a0999b0b3e01.jpg',500,800,'.jpg','','2016-01-07 12:34:53.591226',12,75894,'21.jpg');
INSERT INTO "cradmin_imagearchive_archiveimage" VALUES(7,1,'cradmin_imagearchive_images/7-a8c7716e-b53b-11e5-8298-a0999b0b3e01.jpg',500,800,'.jpg','','2016-01-07 12:39:14.399345',12,75894,'21.jpg');
INSERT INTO "cradmin_imagearchive_archiveimage" VALUES(8,1,'cradmin_imagearchive_images/8-923da192-b53e-11e5-8cb8-a0999b0b3e01.jpg',252,200,'.jpg','','2016-01-07 13:00:05.076876',12,13732,'15.jpg');
CREATE TABLE "cradmin_temporaryfileuploadstore_temporaryfile" ("id" integer NOT NULL PRIMARY KEY AUTOINCREMENT, "filename" text NOT NULL, "file" varchar(100) NOT NULL, "mimetype" text NOT NULL, "collection_id" integer NOT NULL REFERENCES "cradmin_temporaryfileuploadstore_temporaryfilecollection" ("id"));
CREATE TABLE "cradmin_temporaryfileuploadstore_temporaryfilecollection" ("id" integer NOT NULL PRIMARY KEY AUTOINCREMENT, "created_datetime" datetime NOT NULL, "minutes_to_live" integer unsigned NOT NULL, "accept" text NOT NULL, "max_filename_length" integer NULL, "unique_filenames" bool NOT NULL, "user_id" integer NOT NULL REFERENCES "auth_user" ("id"), "singlemode" bool NOT NULL, "max_filesize_bytes" integer unsigned NULL);
CREATE TABLE "listfilterdemo_site" ("id" integer NOT NULL PRIMARY KEY AUTOINCREMENT, "name" varchar(100) NOT NULL);
INSERT INTO "listfilterdemo_site" VALUES(1,'Demosite');
CREATE TABLE "listfilterdemo_site_admins" ("id" integer NOT NULL PRIMARY KEY AUTOINCREMENT, "site_id" integer NOT NULL REFERENCES "listfilterdemo_site" ("id"), "user_id" integer NOT NULL REFERENCES "auth_user" ("id"), UNIQUE ("site_id", "user_id"));
INSERT INTO "listfilterdemo_site_admins" VALUES(1,1,1);
INSERT INTO "listfilterdemo_site_admins" VALUES(2,1,2);
CREATE TABLE "listfilterdemo_person" ("id" integer NOT NULL PRIMARY KEY AUTOINCREMENT, "name" varchar(255) NOT NULL, "banned_datetime" datetime NULL, "site_id" integer NOT NULL REFERENCES "listfilterdemo_site" ("id"));
INSERT INTO "listfilterdemo_person" VALUES(1,'Jon Doe',NULL,1);
INSERT INTO "listfilterdemo_person" VALUES(2,'Jane Doe',NULL,1);
INSERT INTO "listfilterdemo_person" VALUES(3,'Angry Man','2015-12-07 04:29:00',1);
CREATE TABLE "django_session" ("session_key" varchar(40) NOT NULL PRIMARY KEY, "session_data" text NOT NULL, "expire_date" datetime NOT NULL);
INSERT INTO "django_session" VALUES('kh8esrsx0t9xok7c32swanove79svw30','NjNhOTY5ZDg3N2UxYzZkYTc2NzQ1NmQxZjRkN2YwYzcwYzhkZDRmZTp7Il9hdXRoX3VzZXJfaGFzaCI6Ijc2NjY4MDU5OTU1Mzk5ZTRlZmUxNDhhOTMzNTMwNTVhZGRkYTliOTUiLCJfYXV0aF91c2VyX2JhY2tlbmQiOiJkamFuZ29fY3JhZG1pbi5hcHBzLmNyYWRtaW5fYXV0aGVudGljYXRlLmJhY2tlbmRzLkVtYWlsQXV0aEJhY2tlbmQiLCJfYXV0aF91c2VyX2lkIjoxfQ==','2015-12-22 12:41:29.346908');
INSERT INTO "django_session" VALUES('pq1jscp7bydr482rth8ruvxv0j2wnhkr','NGEzNzFmYTYwMTYzYmNkMTI4ZTc0MTM1M2NkMzhjYzc4YzlhYjEyZTp7Il9hdXRoX3VzZXJfaGFzaCI6Ijc2NjY4MDU5OTU1Mzk5ZTRlZmUxNDhhOTMzNTMwNTVhZGRkYTliOTUiLCJfYXV0aF91c2VyX2lkIjoxLCJfYXV0aF91c2VyX2JhY2tlbmQiOiJkamFuZ29fY3JhZG1pbi5hcHBzLmNyYWRtaW5fYXV0aGVudGljYXRlLmJhY2tlbmRzLkVtYWlsQXV0aEJhY2tlbmQifQ==','2015-12-23 16:05:38.732294');
INSERT INTO "django_session" VALUES('z05wk8bxez7rr70naa958stycfkswtd2','ODNjMDFiOThhZmI2MDQ1MmVmN2RiZmEzNzM3ZjY4ZjkwMzNjMzI1YTp7Il9hdXRoX3VzZXJfaWQiOiIxIiwiX2F1dGhfdXNlcl9iYWNrZW5kIjoiZGphbmdvX2NyYWRtaW4uYXBwcy5jcmFkbWluX2F1dGhlbnRpY2F0ZS5iYWNrZW5kcy5FbWFpbEF1dGhCYWNrZW5kIiwiX2F1dGhfdXNlcl9oYXNoIjoiNzY2NjgwNTk5NTUzOTllNGVmZTE0OGE5MzM1MzA1NWFkZGRhOWI5NSJ9','2016-01-16 01:10:27.436831');
INSERT INTO "django_session" VALUES('kt15g44c3clx3l76m6n9ve7fu5cl9iju','ODNjMDFiOThhZmI2MDQ1MmVmN2RiZmEzNzM3ZjY4ZjkwMzNjMzI1YTp7Il9hdXRoX3VzZXJfaWQiOiIxIiwiX2F1dGhfdXNlcl9iYWNrZW5kIjoiZGphbmdvX2NyYWRtaW4uYXBwcy5jcmFkbWluX2F1dGhlbnRpY2F0ZS5iYWNrZW5kcy5FbWFpbEF1dGhCYWNrZW5kIiwiX2F1dGhfdXNlcl9oYXNoIjoiNzY2NjgwNTk5NTUzOTllNGVmZTE0OGE5MzM1MzA1NWFkZGRhOWI5NSJ9','2016-01-28 22:22:30.480952');
INSERT INTO "django_session" VALUES('2wz21dm4dast4g7f33v667yneiai9foq','MDZhZjk3YjczNmRhZjk3YWZkNTYyM2M3MDk0MjlhZGRmZTFiYmY2Zjp7Il9hdXRoX3VzZXJfYmFja2VuZCI6ImRqYW5nb19jcmFkbWluLmFwcHMuY3JhZG1pbl9hdXRoZW50aWNhdGUuYmFja2VuZHMuRW1haWxBdXRoQmFja2VuZCIsIl9hdXRoX3VzZXJfaGFzaCI6Ijc2NjY4MDU5OTU1Mzk5ZTRlZmUxNDhhOTMzNTMwNTVhZGRkYTliOTUiLCJfYXV0aF91c2VyX2lkIjoiMSJ9','2016-01-29 18:56:29.664723');
CREATE TABLE "webdemo_pagetag" ("id" integer NOT NULL PRIMARY KEY AUTOINCREMENT, "tag" varchar(50) NOT NULL, "page_id" integer NOT NULL REFERENCES "webdemo_page" ("id"));
INSERT INTO "webdemo_pagetag" VALUES(1,'test',1);
INSERT INTO "webdemo_pagetag" VALUES(2,'lorem',1);
INSERT INTO "webdemo_pagetag" VALUES(3,'test',2);
INSERT INTO "webdemo_pagetag" VALUES(4,'more',3);
INSERT INTO "webdemo_pagetag" VALUES(5,'stuff',1);
CREATE TABLE "webdemo_site" ("id" integer NOT NULL PRIMARY KEY AUTOINCREMENT, "name" varchar(100) NOT NULL, "description" text NOT NULL);
INSERT INTO "webdemo_site" VALUES(1,'Demosite','A demo site');
INSERT INTO "webdemo_site" VALUES(2,'Comicbook store','The local comicbook store');
CREATE TABLE "webdemo_site_admins" ("id" integer NOT NULL PRIMARY KEY AUTOINCREMENT, "site_id" integer NOT NULL REFERENCES "webdemo_site" ("id"), "user_id" integer NOT NULL REFERENCES "auth_user" ("id"), UNIQUE ("site_id", "user_id"));
INSERT INTO "webdemo_site_admins" VALUES(1,1,1);
INSERT INTO "webdemo_site_admins" VALUES(2,2,1);
CREATE TABLE "webdemo_page_subscribers" ("id" integer NOT NULL PRIMARY KEY AUTOINCREMENT, "page_id" integer NOT NULL REFERENCES "webdemo_page" ("id"), "user_id" integer NOT NULL REFERENCES "auth_user" ("id"), UNIQUE ("page_id", "user_id"));
INSERT INTO "webdemo_page_subscribers" VALUES(3,3,1);
INSERT INTO "webdemo_page_subscribers" VALUES(4,3,2);
INSERT INTO "webdemo_page_subscribers" VALUES(17,2,2);
INSERT INTO "webdemo_page_subscribers" VALUES(18,2,3);
INSERT INTO "webdemo_page_subscribers" VALUES(30,1,3);
CREATE TABLE "multiselect2demo_product" ("id" integer NOT NULL PRIMARY KEY AUTOINCREMENT, "name" varchar(255) NOT NULL, "description" text NOT NULL);
INSERT INTO "multiselect2demo_product" VALUES(1,'Green socks','');
INSERT INTO "multiselect2demo_product" VALUES(2,'Red socks','Perfect for christmas!');
INSERT INTO "multiselect2demo_product" VALUES(3,'dsadsd','dsad');
INSERT INTO "multiselect2demo_product" VALUES(4,'Stuff','');
INSERT INTO "multiselect2demo_product" VALUES(5,'Ting','');
INSERT INTO "multiselect2demo_product" VALUES(6,'Tang','');
INSERT INTO "multiselect2demo_product" VALUES(9,'Etiam porta sem malesuada magna mollis euismod. Cum sociis natoque penatibus et magnis dis parturient montes','Vivamus sagittis lacus vel augue laoreet rutrum faucibus dolor auctor. Morbi leo risus, porta ac consectetur ac, vestibulum at eros. Nullam quis risus eget urna mollis ornare vel eu leo. Cum sociis natoque penatibus et magnis dis parturient montes, nascetur ridiculus mus. Lorem ipsum dolor sit amet, consectetur adipiscing elit. Vivamus sagittis lacus vel augue laoreet rutrum faucibus dolor auctor.

Cras mattis consectetur purus sit amet fermentum. Fusce dapibus, tellus ac cursus commodo, tortor mauris condimentum nibh, ut fermentum massa justo sit amet risus. Aenean eu leo quam. Pellentesque ornare sem lacinia quam venenatis vestibulum. Donec id elit non mi porta gravida at eget metus. Lorem ipsum dolor sit amet, consectetur adipiscing elit. Donec ullamcorper nulla non metus auctor fringilla.

Duis mollis, est non commodo luctus, nisi erat porttitor ligula, eget lacinia odio sem nec elit. Donec sed odio dui. Nulla vitae elit libero, a pharetra augue. Curabitur blandit tempus porttitor. Fusce dapibus, tellus ac cursus commodo, tortor mauris condimentum nibh, ut fermentum massa justo sit amet risus. Vivamus sagittis lacus vel augue laoreet rutrum faucibus dolor auctor.');
CREATE TABLE "django_content_type" ("id" integer NOT NULL PRIMARY KEY AUTOINCREMENT, "app_label" varchar(100) NOT NULL, "model" varchar(100) NOT NULL, UNIQUE ("app_label", "model"));
INSERT INTO "django_content_type" VALUES(1,'admin','logentry');
INSERT INTO "django_content_type" VALUES(2,'auth','permission');
INSERT INTO "django_content_type" VALUES(3,'auth','group');
INSERT INTO "django_content_type" VALUES(4,'auth','user');
INSERT INTO "django_content_type" VALUES(5,'contenttypes','contenttype');
INSERT INTO "django_content_type" VALUES(6,'sessions','session');
INSERT INTO "django_content_type" VALUES(7,'cradmin_imagearchive','archiveimage');
INSERT INTO "django_content_type" VALUES(8,'cradmin_temporaryfileuploadstore','temporaryfilecollection');
INSERT INTO "django_content_type" VALUES(9,'cradmin_temporaryfileuploadstore','temporaryfile');
INSERT INTO "django_content_type" VALUES(10,'cradmin_generic_token_with_metadata','generictokenwithmetadata');
INSERT INTO "django_content_type" VALUES(11,'thumbnail','kvstore');
INSERT INTO "django_content_type" VALUES(12,'webdemo','site');
INSERT INTO "django_content_type" VALUES(13,'webdemo','page');
INSERT INTO "django_content_type" VALUES(14,'webdemo','pagetag');
INSERT INTO "django_content_type" VALUES(15,'polls_demo','question');
INSERT INTO "django_content_type" VALUES(16,'polls_demo','choice');
INSERT INTO "django_content_type" VALUES(17,'listfilterdemo','site');
INSERT INTO "django_content_type" VALUES(18,'listfilterdemo','person');
INSERT INTO "django_content_type" VALUES(20,'multiselect2demo','product');
CREATE TABLE "auth_permission" ("id" integer NOT NULL PRIMARY KEY AUTOINCREMENT, "content_type_id" integer NOT NULL REFERENCES "django_content_type" ("id"), "codename" varchar(100) NOT NULL, "name" varchar(255) NOT NULL, UNIQUE ("content_type_id", "codename"));
INSERT INTO "auth_permission" VALUES(1,1,'add_logentry','Can add log entry');
INSERT INTO "auth_permission" VALUES(2,1,'change_logentry','Can change log entry');
INSERT INTO "auth_permission" VALUES(3,1,'delete_logentry','Can delete log entry');
INSERT INTO "auth_permission" VALUES(4,2,'add_permission','Can add permission');
INSERT INTO "auth_permission" VALUES(5,2,'change_permission','Can change permission');
INSERT INTO "auth_permission" VALUES(6,2,'delete_permission','Can delete permission');
INSERT INTO "auth_permission" VALUES(7,3,'add_group','Can add group');
INSERT INTO "auth_permission" VALUES(8,3,'change_group','Can change group');
INSERT INTO "auth_permission" VALUES(9,3,'delete_group','Can delete group');
INSERT INTO "auth_permission" VALUES(10,4,'add_user','Can add user');
INSERT INTO "auth_permission" VALUES(11,4,'change_user','Can change user');
INSERT INTO "auth_permission" VALUES(12,4,'delete_user','Can delete user');
INSERT INTO "auth_permission" VALUES(13,5,'add_contenttype','Can add content type');
INSERT INTO "auth_permission" VALUES(14,5,'change_contenttype','Can change content type');
INSERT INTO "auth_permission" VALUES(15,5,'delete_contenttype','Can delete content type');
INSERT INTO "auth_permission" VALUES(16,6,'add_session','Can add session');
INSERT INTO "auth_permission" VALUES(17,6,'change_session','Can change session');
INSERT INTO "auth_permission" VALUES(18,6,'delete_session','Can delete session');
INSERT INTO "auth_permission" VALUES(19,7,'add_archiveimage','Can add archive image');
INSERT INTO "auth_permission" VALUES(20,7,'change_archiveimage','Can change archive image');
INSERT INTO "auth_permission" VALUES(21,7,'delete_archiveimage','Can delete archive image');
INSERT INTO "auth_permission" VALUES(22,8,'add_temporaryfilecollection','Can add temporary file collection');
INSERT INTO "auth_permission" VALUES(23,8,'change_temporaryfilecollection','Can change temporary file collection');
INSERT INTO "auth_permission" VALUES(24,8,'delete_temporaryfilecollection','Can delete temporary file collection');
INSERT INTO "auth_permission" VALUES(25,9,'add_temporaryfile','Can add temporary file');
INSERT INTO "auth_permission" VALUES(26,9,'change_temporaryfile','Can change temporary file');
INSERT INTO "auth_permission" VALUES(27,9,'delete_temporaryfile','Can delete temporary file');
INSERT INTO "auth_permission" VALUES(28,10,'add_generictokenwithmetadata','Can add generic token with metadata');
INSERT INTO "auth_permission" VALUES(29,10,'change_generictokenwithmetadata','Can change generic token with metadata');
INSERT INTO "auth_permission" VALUES(30,10,'delete_generictokenwithmetadata','Can delete generic token with metadata');
INSERT INTO "auth_permission" VALUES(31,11,'add_kvstore','Can add kv store');
INSERT INTO "auth_permission" VALUES(32,11,'change_kvstore','Can change kv store');
INSERT INTO "auth_permission" VALUES(33,11,'delete_kvstore','Can delete kv store');
INSERT INTO "auth_permission" VALUES(34,12,'add_site','Can add site');
INSERT INTO "auth_permission" VALUES(35,12,'change_site','Can change site');
INSERT INTO "auth_permission" VALUES(36,12,'delete_site','Can delete site');
INSERT INTO "auth_permission" VALUES(37,13,'add_page','Can add Page');
INSERT INTO "auth_permission" VALUES(38,13,'change_page','Can change Page');
INSERT INTO "auth_permission" VALUES(39,13,'delete_page','Can delete Page');
INSERT INTO "auth_permission" VALUES(40,14,'add_pagetag','Can add page tag');
INSERT INTO "auth_permission" VALUES(41,14,'change_pagetag','Can change page tag');
INSERT INTO "auth_permission" VALUES(42,14,'delete_pagetag','Can delete page tag');
INSERT INTO "auth_permission" VALUES(43,15,'add_question','Can add question');
INSERT INTO "auth_permission" VALUES(44,15,'change_question','Can change question');
INSERT INTO "auth_permission" VALUES(45,15,'delete_question','Can delete question');
INSERT INTO "auth_permission" VALUES(46,16,'add_choice','Can add choice');
INSERT INTO "auth_permission" VALUES(47,16,'change_choice','Can change choice');
INSERT INTO "auth_permission" VALUES(48,16,'delete_choice','Can delete choice');
INSERT INTO "auth_permission" VALUES(49,17,'add_site','Can add site');
INSERT INTO "auth_permission" VALUES(50,17,'change_site','Can change site');
INSERT INTO "auth_permission" VALUES(51,17,'delete_site','Can delete site');
INSERT INTO "auth_permission" VALUES(52,18,'add_person','Can add person');
INSERT INTO "auth_permission" VALUES(53,18,'change_person','Can change person');
INSERT INTO "auth_permission" VALUES(54,18,'delete_person','Can delete person');
INSERT INTO "auth_permission" VALUES(55,19,'add_product','Can add product');
INSERT INTO "auth_permission" VALUES(56,19,'change_product','Can change product');
INSERT INTO "auth_permission" VALUES(57,19,'delete_product','Can delete product');
INSERT INTO "auth_permission" VALUES(58,20,'add_product','Can add product');
INSERT INTO "auth_permission" VALUES(59,20,'change_product','Can change product');
INSERT INTO "auth_permission" VALUES(60,20,'delete_product','Can delete product');
CREATE TABLE "auth_user" ("id" integer NOT NULL PRIMARY KEY AUTOINCREMENT, "password" varchar(128) NOT NULL, "is_superuser" bool NOT NULL, "username" varchar(30) NOT NULL UNIQUE, "first_name" varchar(30) NOT NULL, "last_name" varchar(30) NOT NULL, "email" varchar(254) NOT NULL, "is_staff" bool NOT NULL, "is_active" bool NOT NULL, "date_joined" datetime NOT NULL, "last_login" datetime NULL);
INSERT INTO "auth_user" VALUES(1,'pbkdf2_sha256$12000$mpmHCSXO9NTh$+9NHvk8NgKDHpa4IzFp1h5VPg76JM3I2aoH4JYl6xkQ=',1,'grandma','','','grandma@example.com',1,1,'2014-06-19 10:52:07.105000','2016-01-15 18:56:29.662434');
INSERT INTO "auth_user" VALUES(2,'pbkdf2_sha256$12000$WDKBtrzeNHNO$eqG363O2TyX6F8SiH44/r0d199ywq+JSJSufnFbNDnE=',0,'peterpan','Peter','Pan','peterpan@example.com',0,1,'2015-12-07 02:55:00','2015-12-07 02:55:00');
INSERT INTO "auth_user" VALUES(3,'pbkdf2_sha256$12000$gLiIktdF3GzI$0vEtSoZPkSbYVPp1EkBEbgqv6HfQNDKoPbNNnzfo9eE=',0,'dewey','','','dewey@example.com',0,1,'2015-12-07 02:56:00','2015-12-07 02:56:00');
CREATE TABLE "webdemo_page" ("id" integer NOT NULL PRIMARY KEY AUTOINCREMENT, "title" varchar(100) NOT NULL, "intro" text NOT NULL, "attachment" varchar(100) NULL, "body" text NOT NULL, "publishing_time" datetime NOT NULL, "unpublish_time" datetime NULL, "internal_notes" text NOT NULL, "image_id" integer NULL REFERENCES "cradmin_imagearchive_archiveimage" ("id"), "site_id" integer NOT NULL REFERENCES "webdemo_site" ("id"), "starred" varchar(3) NOT NULL);
INSERT INTO "webdemo_page" VALUES(1,'Dolor Nibh Dapibus','This is a test:)','','Azz','2015-12-17 01:01:00',NULL,'',1,1,'no');
INSERT INTO "webdemo_page" VALUES(2,'My supertest!','Hello cruel world','','Testing','2015-09-18 11:54:00',NULL,'',1,1,'no');
INSERT INTO "webdemo_page" VALUES(3,'One more test','Stuff assa','','test','2015-12-12 01:01:00',NULL,'',NULL,1,'no');
INSERT INTO "webdemo_page" VALUES(4,'Without image test','Yo','','Man','2015-12-05 01:01:00',NULL,'',NULL,1,'no');
DELETE FROM sqlite_sequence;
INSERT INTO "sqlite_sequence" VALUES('django_migrations',24);
INSERT INTO "sqlite_sequence" VALUES('cradmin_imagearchive_archiveimage',8);
INSERT INTO "sqlite_sequence" VALUES('cradmin_temporaryfileuploadstore_temporaryfile',8);
INSERT INTO "sqlite_sequence" VALUES('cradmin_temporaryfileuploadstore_temporaryfilecollection',8);
INSERT INTO "sqlite_sequence" VALUES('listfilterdemo_person',3);
INSERT INTO "sqlite_sequence" VALUES('webdemo_page_subscribers',30);
INSERT INTO "sqlite_sequence" VALUES('webdemo_site',2);
INSERT INTO "sqlite_sequence" VALUES('webdemo_site_admins',2);
INSERT INTO "sqlite_sequence" VALUES('webdemo_pagetag',5);
INSERT INTO "sqlite_sequence" VALUES('listfilterdemo_site',1);
INSERT INTO "sqlite_sequence" VALUES('listfilterdemo_site_admins',2);
INSERT INTO "sqlite_sequence" VALUES('django_admin_log',5);
INSERT INTO "sqlite_sequence" VALUES('django_content_type',20);
INSERT INTO "sqlite_sequence" VALUES('auth_permission',60);
INSERT INTO "sqlite_sequence" VALUES('auth_user',3);
INSERT INTO "sqlite_sequence" VALUES('multiselect2demo_product',9);
INSERT INTO "sqlite_sequence" VALUES('webdemo_page',4);
CREATE INDEX "polls_demo_choice_25110688" ON "polls_demo_choice" ("question_id");
CREATE INDEX auth_group_permissions_0e939a4f ON "auth_group_permissions" ("group_id");
CREATE INDEX auth_group_permissions_8373b171 ON "auth_group_permissions" ("permission_id");
CREATE INDEX auth_user_groups_e8701ad4 ON "auth_user_groups" ("user_id");
CREATE INDEX auth_user_groups_0e939a4f ON "auth_user_groups" ("group_id");
CREATE INDEX auth_user_user_permissions_e8701ad4 ON "auth_user_user_permissions" ("user_id");
CREATE INDEX auth_user_user_permissions_8373b171 ON "auth_user_user_permissions" ("permission_id");
CREATE INDEX django_admin_log_417f1b1c ON "django_admin_log" ("content_type_id");
CREATE INDEX django_admin_log_e8701ad4 ON "django_admin_log" ("user_id");
CREATE INDEX cradmin_generic_token_with_metadata_generictokenwithmetadata_d2a57dc1 ON "cradmin_generic_token_with_metadata_generictokenwithmetadata" ("app");
CREATE INDEX cradmin_generic_token_with_metadata_generictokenwithmetadata_417f1b1c ON "cradmin_generic_token_with_metadata_generictokenwithmetadata" ("content_type_id");
CREATE INDEX cradmin_imagearchive_archiveimage_97e0b693 ON "cradmin_imagearchive_archiveimage" ("role_content_type_id");
CREATE INDEX cradmin_temporaryfileuploadstore_temporaryfile_435ed7e9 ON "cradmin_temporaryfileuploadstore_temporaryfile" ("filename");
CREATE INDEX cradmin_temporaryfileuploadstore_temporaryfile_0a1a4dd8 ON "cradmin_temporaryfileuploadstore_temporaryfile" ("collection_id");
CREATE INDEX cradmin_temporaryfileuploadstore_temporaryfilecollection_e8701ad4 ON "cradmin_temporaryfileuploadstore_temporaryfilecollection" ("user_id");
CREATE INDEX listfilterdemo_site_admins_9365d6e7 ON "listfilterdemo_site_admins" ("site_id");
CREATE INDEX listfilterdemo_site_admins_e8701ad4 ON "listfilterdemo_site_admins" ("user_id");
CREATE INDEX listfilterdemo_person_9365d6e7 ON "listfilterdemo_person" ("site_id");
CREATE INDEX django_session_de54fa62 ON "django_session" ("expire_date");
CREATE INDEX webdemo_site_admins_9365d6e7 ON "webdemo_site_admins" ("site_id");
CREATE INDEX webdemo_site_admins_e8701ad4 ON "webdemo_site_admins" ("user_id");
CREATE INDEX webdemo_page_subscribers_1a63c800 ON "webdemo_page_subscribers" ("page_id");
CREATE INDEX webdemo_page_subscribers_e8701ad4 ON "webdemo_page_subscribers" ("user_id");
CREATE INDEX "auth_permission_417f1b1c" ON "auth_permission" ("content_type_id");
CREATE INDEX "webdemo_page_f33175e6" ON "webdemo_page" ("image_id");
CREATE INDEX "webdemo_page_9365d6e7" ON "webdemo_page" ("site_id");
COMMIT;
