PRAGMA foreign_keys=OFF;
BEGIN TRANSACTION;
CREATE TABLE "django_migrations" ("id" integer NOT NULL PRIMARY KEY AUTOINCREMENT, "app" varchar(255) NOT NULL, "name" varchar(255) NOT NULL, "applied" datetime NOT NULL);
INSERT INTO "django_migrations" VALUES(1,'contenttypes','0001_initial','2015-12-07 07:32:49.699017');
INSERT INTO "django_migrations" VALUES(2,'auth','0001_initial','2015-12-07 07:32:49.738021');
INSERT INTO "django_migrations" VALUES(3,'admin','0001_initial','2015-12-07 07:32:49.762486');
INSERT INTO "django_migrations" VALUES(4,'cradmin_generic_token_with_metadata','0001_initial','2015-12-07 07:32:49.772516');
INSERT INTO "django_migrations" VALUES(5,'cradmin_imagearchive','0001_initial','2015-12-07 07:32:49.785199');
INSERT INTO "django_migrations" VALUES(6,'cradmin_imagearchive','0002_archiveimage_file_size','2015-12-07 07:32:49.806276');
INSERT INTO "django_migrations" VALUES(7,'cradmin_imagearchive','0003_auto_20151017_0139','2015-12-07 07:32:49.840138');
INSERT INTO "django_migrations" VALUES(8,'cradmin_temporaryfileuploadstore','0001_initial','2015-12-07 07:32:49.893118');
INSERT INTO "django_migrations" VALUES(9,'cradmin_temporaryfileuploadstore','0002_temporaryfilecollection_singlemode','2015-12-07 07:32:49.933275');
INSERT INTO "django_migrations" VALUES(10,'cradmin_temporaryfileuploadstore','0003_temporaryfilecollection_max_filesize_bytes','2015-12-07 07:32:49.983700');
INSERT INTO "django_migrations" VALUES(11,'cradmin_temporaryfileuploadstore','0004_auto_20151017_1947','2015-12-07 07:32:50.040237');
INSERT INTO "django_migrations" VALUES(12,'listfilterdemo','0001_initial','2015-12-07 07:32:50.089777');
INSERT INTO "django_migrations" VALUES(13,'sessions','0001_initial','2015-12-07 07:32:50.103736');
INSERT INTO "django_migrations" VALUES(14,'webdemo','0001_initial','2015-12-07 07:32:50.181569');
INSERT INTO "django_migrations" VALUES(15,'webdemo','0002_auto_20151207_0351','2015-12-07 07:32:50.251115');
INSERT INTO "django_migrations" VALUES(16,'webdemo','0003_auto_20151207_0351','2015-12-07 07:32:50.316818');
INSERT INTO "django_migrations" VALUES(17,'webdemo','0004_auto_20151207_0429','2015-12-07 07:32:50.385083');
INSERT INTO "django_migrations" VALUES(18,'contenttypes','0002_remove_content_type_name','2015-12-18 15:14:26.705084');
INSERT INTO "django_migrations" VALUES(19,'auth','0002_alter_permission_name_max_length','2015-12-18 15:14:26.720589');
INSERT INTO "django_migrations" VALUES(20,'auth','0003_alter_user_email_max_length','2015-12-18 15:14:26.735418');
INSERT INTO "django_migrations" VALUES(21,'auth','0004_alter_user_username_opts','2015-12-18 15:14:26.750645');
INSERT INTO "django_migrations" VALUES(22,'auth','0005_alter_user_last_login_null','2015-12-18 15:14:26.765385');
INSERT INTO "django_migrations" VALUES(23,'auth','0006_require_contenttypes_0002','2015-12-18 15:14:26.766499');
INSERT INTO "django_migrations" VALUES(24,'webdemo','0005_page_starred','2016-01-16 22:43:18.918326');
INSERT INTO "django_migrations" VALUES(25,'admin','0002_logentry_remove_auto_add','2016-07-04 15:14:57.542822');
INSERT INTO "django_migrations" VALUES(26,'auth','0007_alter_validators_add_error_messages','2016-07-04 15:14:57.599731');
INSERT INTO "django_migrations" VALUES(27,'auth','0008_alter_user_username_max_length','2016-07-04 15:14:57.611916');
INSERT INTO "django_migrations" VALUES(28,'cradmin_javascript_demos','0001_initial','2016-12-08 20:20:14.090305');
CREATE TABLE "thumbnail_kvstore" (
    "key" varchar(200) NOT NULL PRIMARY KEY,
    "value" text NOT NULL
);
INSERT INTO "thumbnail_kvstore" VALUES('sorl-thumbnail||image||1e8731764b36d215d38866c25e361610','{"size": [200, 252], "storage": "sorl.thumbnail.images.UrlStorage", "name": "http://cradmin.dev:9000/media/cradmin_imagearchive_images/1-cab695da-9cb4-11e5-ae6a-a0999b0b3e01.jpg"}');
INSERT INTO "thumbnail_kvstore" VALUES('sorl-thumbnail||image||f66dae53cc2d8b5f722acb7ed5062ee7','{"size": [170, 100], "storage": "django.core.files.storage.FileSystemStorage", "name": "sorlcache/e4/95/e49522aa23e51cb5aa9be9f5856c624a.jpg"}');
INSERT INTO "thumbnail_kvstore" VALUES('sorl-thumbnail||thumbnails||1e8731764b36d215d38866c25e361610','["f66dae53cc2d8b5f722acb7ed5062ee7"]');
INSERT INTO "thumbnail_kvstore" VALUES('sorl-thumbnail||image||44aa3ebe397bd424b68c9e5887ec2b53','{"size": [200, 252], "storage": "django.core.files.storage.FileSystemStorage", "name": "sorlcache/34/a8/34a84b3d67ad51212cb81fc758fb9e61.jpg"}');
INSERT INTO "thumbnail_kvstore" VALUES('sorl-thumbnail||image||3774f8db6c7a98bd20ba6c03a95432ed','{"size": [300, 200], "storage": "django.core.files.storage.FileSystemStorage", "name": "sorlcache/a6/0b/a60b12283c19a2e2113ed62c86e8f90d.jpg"}');
INSERT INTO "thumbnail_kvstore" VALUES('sorl-thumbnail||image||785adca53ba7b9f0b577fc6561ae4f68','{"storage": "django.core.files.storage.FileSystemStorage", "size": [48, 60], "name": "sorlcache/62/3e/623e5f2054814dae2a322f080479798c.jpg"}');
INSERT INTO "thumbnail_kvstore" VALUES('sorl-thumbnail||image||426edc2b0c78e1bf47e6d833136894ee','{"storage": "django.core.files.storage.FileSystemStorage", "name": "sorlcache/f7/e0/f7e0914e4a2d0904d26f926af8a6fdd2.jpg", "size": [200, 252]}');
INSERT INTO "thumbnail_kvstore" VALUES('sorl-thumbnail||image||f019a9d15c2767e1c39b035d6a760e3f','{"name": "http://cradmin.dev:9000/media/cradmin_imagearchive_images/2-17d01142-a57e-11e5-9201-a0999b0b3e01.jpg", "size": [800, 500], "storage": "sorl.thumbnail.images.UrlStorage"}');
INSERT INTO "thumbnail_kvstore" VALUES('sorl-thumbnail||image||e173e319aee9eb73cda810d366a81952','{"name": "sorlcache/52/09/52095eae27500d3cb1b6ce92fe27f77d.jpg", "size": [170, 100], "storage": "django.core.files.storage.FileSystemStorage"}');
INSERT INTO "thumbnail_kvstore" VALUES('sorl-thumbnail||thumbnails||f019a9d15c2767e1c39b035d6a760e3f','["e173e319aee9eb73cda810d366a81952"]');
INSERT INTO "thumbnail_kvstore" VALUES('sorl-thumbnail||image||e277f4aed18b67c8c32e56abab7c3f85','{"name": "sorlcache/20/63/2063dc4891e1e0a00e91e7f919005f4d.jpg", "size": [330, 206], "storage": "django.core.files.storage.FileSystemStorage"}');
INSERT INTO "thumbnail_kvstore" VALUES('sorl-thumbnail||image||5563ca613a4bdaa435617e96bf35c6d7','{"storage": "sorl.thumbnail.images.UrlStorage", "name": "http://cradmin.dev:9000/media/cradmin_imagearchive_images/3-8b8bcb7a-b536-11e5-aadc-a0999b0b3e01.jpg", "size": [800, 500]}');
INSERT INTO "thumbnail_kvstore" VALUES('sorl-thumbnail||image||d7bcfb28d61f5608cd6b98461dd757d3','{"storage": "django.core.files.storage.FileSystemStorage", "name": "sorlcache/39/e9/39e94c8052dbf1d33c4866d5ab663457.jpg", "size": [170, 100]}');
INSERT INTO "thumbnail_kvstore" VALUES('sorl-thumbnail||thumbnails||5563ca613a4bdaa435617e96bf35c6d7','["d7bcfb28d61f5608cd6b98461dd757d3"]');
INSERT INTO "thumbnail_kvstore" VALUES('sorl-thumbnail||image||2651c68a56918a9745da75a841e86cce','{"storage": "django.core.files.storage.FileSystemStorage", "name": "sorlcache/91/71/9171989fb44f5a0cee0777661c56de93.jpg", "size": [330, 206]}');
INSERT INTO "thumbnail_kvstore" VALUES('sorl-thumbnail||image||a4913b4c899ca19d795a438f3632bad9','{"storage": "sorl.thumbnail.images.UrlStorage", "name": "http://cradmin.dev:9000/media/cradmin_imagearchive_images/4-f7ed61d8-b536-11e5-a4f7-a0999b0b3e01.jpg", "size": [800, 500]}');
INSERT INTO "thumbnail_kvstore" VALUES('sorl-thumbnail||image||80c4321e4e9eb34960dd1a39aa2b5d26','{"storage": "django.core.files.storage.FileSystemStorage", "name": "sorlcache/06/26/06264caca926038a05cf345ae79481d1.jpg", "size": [170, 100]}');
INSERT INTO "thumbnail_kvstore" VALUES('sorl-thumbnail||thumbnails||a4913b4c899ca19d795a438f3632bad9','["80c4321e4e9eb34960dd1a39aa2b5d26"]');
INSERT INTO "thumbnail_kvstore" VALUES('sorl-thumbnail||image||7760a9749e5fa3c37c3ebbf7f7129b18','{"storage": "django.core.files.storage.FileSystemStorage", "name": "sorlcache/a1/93/a1932be5902d7657b7544460b02b0803.jpg", "size": [330, 206]}');
INSERT INTO "thumbnail_kvstore" VALUES('sorl-thumbnail||image||7097e1938725d7992faf27b2bdef423b','{"name": "http://cradmin.dev:9000/media/cradmin_imagearchive_images/5-c24275ba-b538-11e5-90e0-a0999b0b3e01.jpg", "storage": "sorl.thumbnail.images.UrlStorage", "size": [200, 252]}');
INSERT INTO "thumbnail_kvstore" VALUES('sorl-thumbnail||image||2a8bdeca3fafbb43ccd36d3a40aec546','{"name": "sorlcache/be/32/be326ad5515c6955c739635a9ff3b348.jpg", "storage": "django.core.files.storage.FileSystemStorage", "size": [170, 100]}');
INSERT INTO "thumbnail_kvstore" VALUES('sorl-thumbnail||thumbnails||7097e1938725d7992faf27b2bdef423b','["2a8bdeca3fafbb43ccd36d3a40aec546"]');
INSERT INTO "thumbnail_kvstore" VALUES('sorl-thumbnail||image||64d9e5344a9fbc500e1b8a1e194bda51','{"name": "sorlcache/3f/60/3f605aaa1cb869d77281b13949bf50e1.jpg", "storage": "django.core.files.storage.FileSystemStorage", "size": [200, 252]}');
INSERT INTO "thumbnail_kvstore" VALUES('sorl-thumbnail||image||8b070252d477a136962d7eefe14ca6af','{"name": "http://cradmin.dev:9000/media/cradmin_imagearchive_images/6-0d538164-b53b-11e5-9766-a0999b0b3e01.jpg", "storage": "sorl.thumbnail.images.UrlStorage", "size": [800, 500]}');
INSERT INTO "thumbnail_kvstore" VALUES('sorl-thumbnail||image||17faf3c79710bf19905900c2f5236356','{"name": "sorlcache/8c/d0/8cd0a4ad3535aede2d295a4a830cd1b2.jpg", "storage": "django.core.files.storage.FileSystemStorage", "size": [170, 100]}');
INSERT INTO "thumbnail_kvstore" VALUES('sorl-thumbnail||thumbnails||8b070252d477a136962d7eefe14ca6af','["17faf3c79710bf19905900c2f5236356"]');
INSERT INTO "thumbnail_kvstore" VALUES('sorl-thumbnail||image||1d1eff459fae6c91c01a24222207d25d','{"name": "sorlcache/22/f5/22f59d495d616a8c234b654fdd7f51fd.jpg", "storage": "django.core.files.storage.FileSystemStorage", "size": [330, 206]}');
INSERT INTO "thumbnail_kvstore" VALUES('sorl-thumbnail||image||5d8e4c6383fa4899b780daeccb320d36','{"size": [800, 500], "storage": "sorl.thumbnail.images.UrlStorage", "name": "http://cradmin.dev:9000/media/cradmin_imagearchive_images/7-a8c7716e-b53b-11e5-8298-a0999b0b3e01.jpg"}');
INSERT INTO "thumbnail_kvstore" VALUES('sorl-thumbnail||image||db59c3051a06f81dd747f5827b3c12fd','{"size": [170, 100], "storage": "django.core.files.storage.FileSystemStorage", "name": "sorlcache/70/44/704485703a8467e3b0fcdf38c17be600.jpg"}');
INSERT INTO "thumbnail_kvstore" VALUES('sorl-thumbnail||thumbnails||5d8e4c6383fa4899b780daeccb320d36','["db59c3051a06f81dd747f5827b3c12fd"]');
INSERT INTO "thumbnail_kvstore" VALUES('sorl-thumbnail||image||0b99b08727fb92e194cb928079a7cb57','{"size": [330, 206], "storage": "django.core.files.storage.FileSystemStorage", "name": "sorlcache/ae/89/ae89ba87ffced5d57b43318b4d2573db.jpg"}');
INSERT INTO "thumbnail_kvstore" VALUES('sorl-thumbnail||image||11e6d4a59889a0bc459c56dee0f54ec2','{"storage": "sorl.thumbnail.images.UrlStorage", "name": "http://cradmin.dev:9000/media/cradmin_imagearchive_images/8-923da192-b53e-11e5-8cb8-a0999b0b3e01.jpg", "size": [200, 252]}');
INSERT INTO "thumbnail_kvstore" VALUES('sorl-thumbnail||image||d47e5ac5eecd705da7193d6be1ba1593','{"storage": "django.core.files.storage.FileSystemStorage", "name": "sorlcache/18/41/1841649f6bf8a59da557ff268aa0ac33.jpg", "size": [170, 100]}');
INSERT INTO "thumbnail_kvstore" VALUES('sorl-thumbnail||thumbnails||11e6d4a59889a0bc459c56dee0f54ec2','["d47e5ac5eecd705da7193d6be1ba1593"]');
INSERT INTO "thumbnail_kvstore" VALUES('sorl-thumbnail||image||a9907e2145d0e5cc5bddca20d016dbde','{"storage": "django.core.files.storage.FileSystemStorage", "name": "sorlcache/e1/36/e1360638e258d4b2b889592cb5427191.jpg", "size": [200, 252]}');
INSERT INTO "thumbnail_kvstore" VALUES('sorl-thumbnail||image||27edae8c521c9ebd199d8ba9a89da6cc','{"storage": "sorl.thumbnail.images.UrlStorage", "size": [200, 252], "name": "http://cradmin.dev:8000/media/cradmin_imagearchive_images/1-cab695da-9cb4-11e5-ae6a-a0999b0b3e01.jpg"}');
INSERT INTO "thumbnail_kvstore" VALUES('sorl-thumbnail||image||2444b22269c7fdd3eacf6c5be5da3050','{"storage": "django.core.files.storage.FileSystemStorage", "size": [48, 60], "name": "sorlcache/1f/df/1fdf6eb450986fc211a23c79b4b1c13d.jpg"}');
INSERT INTO "thumbnail_kvstore" VALUES('sorl-thumbnail||thumbnails||27edae8c521c9ebd199d8ba9a89da6cc','["2444b22269c7fdd3eacf6c5be5da3050"]');
INSERT INTO "thumbnail_kvstore" VALUES('sorl-thumbnail||image||b8c92c82c66739dadf35c254a54f7ecf','{"name": "sorlcache/7e/59/7e59ecf47b8d8ff4cb778aa06beb8df9.jpg", "storage": "django.core.files.storage.FileSystemStorage", "size": [200, 252]}');
INSERT INTO "thumbnail_kvstore" VALUES('sorl-thumbnail||image||1ea263b7d17664f5e6e5493db78861e3','{"name": "http://cradmin.dev:8000/media/cradmin_imagearchive_images/8-923da192-b53e-11e5-8cb8-a0999b0b3e01.jpg", "storage": "sorl.thumbnail.images.UrlStorage", "size": [200, 252]}');
INSERT INTO "thumbnail_kvstore" VALUES('sorl-thumbnail||image||bbd18eef01ac42d857e7ff28dc94697e','{"name": "sorlcache/64/20/642010eb287a4b352a772fb33f722e1e.jpg", "storage": "django.core.files.storage.FileSystemStorage", "size": [170, 100]}');
INSERT INTO "thumbnail_kvstore" VALUES('sorl-thumbnail||thumbnails||1ea263b7d17664f5e6e5493db78861e3','["bbd18eef01ac42d857e7ff28dc94697e"]');
INSERT INTO "thumbnail_kvstore" VALUES('sorl-thumbnail||image||01b0db7c3e2509202dae26cc9d1a641c','{"name": "http://cradmin.dev:8000/media/cradmin_imagearchive_images/7-a8c7716e-b53b-11e5-8298-a0999b0b3e01.jpg", "storage": "sorl.thumbnail.images.UrlStorage", "size": [800, 500]}');
INSERT INTO "thumbnail_kvstore" VALUES('sorl-thumbnail||image||7e7774ade0b37f21a84e5da4ec1e4780','{"name": "sorlcache/06/9e/069ea9a67b558892468e56658227802f.jpg", "storage": "django.core.files.storage.FileSystemStorage", "size": [170, 100]}');
INSERT INTO "thumbnail_kvstore" VALUES('sorl-thumbnail||thumbnails||01b0db7c3e2509202dae26cc9d1a641c','["7e7774ade0b37f21a84e5da4ec1e4780"]');
INSERT INTO "thumbnail_kvstore" VALUES('sorl-thumbnail||image||271b087dba45d251a20a0b9a35ad4398','{"name": "http://cradmin.dev:8000/media/cradmin_imagearchive_images/6-0d538164-b53b-11e5-9766-a0999b0b3e01.jpg", "storage": "sorl.thumbnail.images.UrlStorage", "size": [800, 500]}');
INSERT INTO "thumbnail_kvstore" VALUES('sorl-thumbnail||image||b108210ae6df5dead5936524d5c36ab7','{"name": "sorlcache/9e/03/9e03961a1dae0ebb513d39c2c9298d3a.jpg", "storage": "django.core.files.storage.FileSystemStorage", "size": [170, 100]}');
INSERT INTO "thumbnail_kvstore" VALUES('sorl-thumbnail||thumbnails||271b087dba45d251a20a0b9a35ad4398','["b108210ae6df5dead5936524d5c36ab7"]');
INSERT INTO "thumbnail_kvstore" VALUES('sorl-thumbnail||image||2a474c2673a5b40b29472eb7e9943df4','{"name": "http://cradmin.dev:8000/media/cradmin_imagearchive_images/5-c24275ba-b538-11e5-90e0-a0999b0b3e01.jpg", "storage": "sorl.thumbnail.images.UrlStorage", "size": [200, 252]}');
INSERT INTO "thumbnail_kvstore" VALUES('sorl-thumbnail||image||37d2b0e9c558bff2b8be5f01a2d31caa','{"name": "sorlcache/87/f9/87f97915bdab3e41d2912c6440ec9ee3.jpg", "storage": "django.core.files.storage.FileSystemStorage", "size": [170, 100]}');
INSERT INTO "thumbnail_kvstore" VALUES('sorl-thumbnail||thumbnails||2a474c2673a5b40b29472eb7e9943df4','["37d2b0e9c558bff2b8be5f01a2d31caa"]');
INSERT INTO "thumbnail_kvstore" VALUES('sorl-thumbnail||image||98571edbff3fdb66c684f8dcc2a8d420','{"name": "http://cradmin.dev:8000/media/cradmin_imagearchive_images/4-f7ed61d8-b536-11e5-a4f7-a0999b0b3e01.jpg", "storage": "sorl.thumbnail.images.UrlStorage", "size": [800, 500]}');
INSERT INTO "thumbnail_kvstore" VALUES('sorl-thumbnail||image||0ebadedf0bdb117dfd1bf84eaaa23ffc','{"name": "sorlcache/81/53/8153c05f841400b858f54fc6ebf0496c.jpg", "storage": "django.core.files.storage.FileSystemStorage", "size": [170, 100]}');
INSERT INTO "thumbnail_kvstore" VALUES('sorl-thumbnail||thumbnails||98571edbff3fdb66c684f8dcc2a8d420','["0ebadedf0bdb117dfd1bf84eaaa23ffc"]');
INSERT INTO "thumbnail_kvstore" VALUES('sorl-thumbnail||image||8207e981566da268a95f683d90793690','{"name": "http://cradmin.dev:8000/media/cradmin_imagearchive_images/3-8b8bcb7a-b536-11e5-aadc-a0999b0b3e01.jpg", "storage": "sorl.thumbnail.images.UrlStorage", "size": [800, 500]}');
INSERT INTO "thumbnail_kvstore" VALUES('sorl-thumbnail||image||ab3aadb2dd3012696e63a12758190232','{"name": "sorlcache/67/91/6791aab1aff3be87335b967d0eed3b0f.jpg", "storage": "django.core.files.storage.FileSystemStorage", "size": [170, 100]}');
INSERT INTO "thumbnail_kvstore" VALUES('sorl-thumbnail||thumbnails||8207e981566da268a95f683d90793690','["ab3aadb2dd3012696e63a12758190232"]');
INSERT INTO "thumbnail_kvstore" VALUES('sorl-thumbnail||image||57ba12a205c0d2738e6f8650f65b66ab','{"name": "http://cradmin.dev:8000/media/cradmin_imagearchive_images/2-17d01142-a57e-11e5-9201-a0999b0b3e01.jpg", "storage": "sorl.thumbnail.images.UrlStorage", "size": [800, 500]}');
INSERT INTO "thumbnail_kvstore" VALUES('sorl-thumbnail||image||96f17f4fca67f8ddf56bc57df22b32c5','{"name": "sorlcache/34/fd/34fd715249481cbb75c606a2850565f5.jpg", "storage": "django.core.files.storage.FileSystemStorage", "size": [170, 100]}');
INSERT INTO "thumbnail_kvstore" VALUES('sorl-thumbnail||thumbnails||57ba12a205c0d2738e6f8650f65b66ab','["96f17f4fca67f8ddf56bc57df22b32c5"]');
INSERT INTO "thumbnail_kvstore" VALUES('sorl-thumbnail||image||0d1f46133a4dff2592d3cd5f74307cf0','{"name": "sorlcache/c2/35/c23556dd9cfba74de4e8e9d518d99eb5.jpg", "storage": "django.core.files.storage.FileSystemStorage", "size": [170, 100]}');
INSERT INTO "thumbnail_kvstore" VALUES('sorl-thumbnail||image||71f9ee55bff3b7c99441378be013839c','{"size": [200, 252], "name": "http://arbeiderpartiet.dev:8000/media/cradmin_imagearchive_images/1-cab695da-9cb4-11e5-ae6a-a0999b0b3e01.jpg", "storage": "sorl.thumbnail.images.UrlStorage"}');
INSERT INTO "thumbnail_kvstore" VALUES('sorl-thumbnail||image||d3c9d8e95f624fc4b646ef68c2178d77','{"size": [200, 252], "name": "sorlcache/4f/87/4f87c2c42fa837844e974f6747e1797e.jpg", "storage": "django.core.files.storage.FileSystemStorage"}');
INSERT INTO "thumbnail_kvstore" VALUES('sorl-thumbnail||thumbnails||71f9ee55bff3b7c99441378be013839c','["d3c9d8e95f624fc4b646ef68c2178d77"]');
INSERT INTO "thumbnail_kvstore" VALUES('sorl-thumbnail||image||5296e69b8c30bc2c89e4fae3a114e0dc','{"name": "http://cradmin.dev:9001/media/cradmin_imagearchive_images/1-cab695da-9cb4-11e5-ae6a-a0999b0b3e01.jpg", "storage": "sorl.thumbnail.images.UrlStorage", "size": [200, 252]}');
INSERT INTO "thumbnail_kvstore" VALUES('sorl-thumbnail||image||e6b72a272050326d0a7dfe92f1eb22e1','{"name": "sorlcache/64/85/6485ded0d8127b423eed41f99bf67ae8.jpg", "storage": "django.core.files.storage.FileSystemStorage", "size": [200, 252]}');
INSERT INTO "thumbnail_kvstore" VALUES('sorl-thumbnail||thumbnails||5296e69b8c30bc2c89e4fae3a114e0dc','["e6b72a272050326d0a7dfe92f1eb22e1"]');
CREATE TABLE "polls_demo_question" (
    "id" integer NOT NULL PRIMARY KEY AUTOINCREMENT,
    "question_text" varchar(200) NOT NULL,
    "pub_date" datetime NOT NULL
);
CREATE TABLE "polls_demo_choice" (
    "id" integer NOT NULL PRIMARY KEY AUTOINCREMENT,
    "question_id" integer NOT NULL REFERENCES "polls_demo_question" ("id"),
    "choice_text" varchar(200) NOT NULL,
    "votes" integer NOT NULL
);
CREATE TABLE "auth_group" ("id" integer NOT NULL PRIMARY KEY AUTOINCREMENT, "name" varchar(80) NOT NULL UNIQUE);
CREATE TABLE "auth_group_permissions" ("id" integer NOT NULL PRIMARY KEY AUTOINCREMENT, "group_id" integer NOT NULL REFERENCES "auth_group" ("id"), "permission_id" integer NOT NULL REFERENCES "auth_permission" ("id"), UNIQUE ("group_id", "permission_id"));
CREATE TABLE "auth_user_groups" ("id" integer NOT NULL PRIMARY KEY AUTOINCREMENT, "user_id" integer NOT NULL REFERENCES "auth_user" ("id"), "group_id" integer NOT NULL REFERENCES "auth_group" ("id"), UNIQUE ("user_id", "group_id"));
CREATE TABLE "auth_user_user_permissions" ("id" integer NOT NULL PRIMARY KEY AUTOINCREMENT, "user_id" integer NOT NULL REFERENCES "auth_user" ("id"), "permission_id" integer NOT NULL REFERENCES "auth_permission" ("id"), UNIQUE ("user_id", "permission_id"));
CREATE TABLE "cradmin_generic_token_with_metadata_generictokenwithmetadata" ("id" integer NOT NULL PRIMARY KEY AUTOINCREMENT, "app" varchar(255) NOT NULL, "token" varchar(100) NOT NULL UNIQUE, "created_datetime" datetime NOT NULL, "expiration_datetime" datetime NULL, "single_use" bool NOT NULL, "metadata_json" text NOT NULL, "object_id" integer unsigned NOT NULL, "content_type_id" integer NOT NULL REFERENCES "django_content_type" ("id"));
INSERT INTO "cradmin_generic_token_with_metadata_generictokenwithmetadata" VALUES(3,'webdemo_sharable_link','1b997e34-7d7b-11e6-8bc6-a0999b0b3e01-0ddb275a-5a95-4f65-b64b-8f5320957092','2016-09-18 08:37:17.887326',NULL,1,'{"message": ""}',1,12);
INSERT INTO "cradmin_generic_token_with_metadata_generictokenwithmetadata" VALUES(5,'webdemo_inviteadmins','a62c156e-7e20-11e6-959f-a0999b0b3e01-bd73c664-3203-4452-808e-e0302ef80bd9','2016-09-19 04:22:17.333957','2016-09-23 04:22:17.333877',1,'{"email": "a@example.com"}',1,12);
CREATE TABLE "cradmin_imagearchive_archiveimage" ("id" integer NOT NULL PRIMARY KEY AUTOINCREMENT, "role_object_id" integer unsigned NOT NULL, "image" varchar(255) NULL, "image_height" integer NULL, "image_width" integer NULL, "file_extension" varchar(255) NOT NULL, "description" text NOT NULL, "created_datetime" datetime NOT NULL, "role_content_type_id" integer NOT NULL REFERENCES "django_content_type" ("id"), "file_size" integer unsigned NULL, "name" varchar(255) NOT NULL);
CREATE TABLE "cradmin_temporaryfileuploadstore_temporaryfile" ("id" integer NOT NULL PRIMARY KEY AUTOINCREMENT, "filename" text NOT NULL, "file" varchar(100) NOT NULL, "mimetype" text NOT NULL, "collection_id" integer NOT NULL REFERENCES "cradmin_temporaryfileuploadstore_temporaryfilecollection" ("id"));
CREATE TABLE "cradmin_temporaryfileuploadstore_temporaryfilecollection" ("id" integer NOT NULL PRIMARY KEY AUTOINCREMENT, "created_datetime" datetime NOT NULL, "minutes_to_live" integer unsigned NOT NULL, "accept" text NOT NULL, "max_filename_length" integer NULL, "unique_filenames" bool NOT NULL, "user_id" integer NOT NULL REFERENCES "auth_user" ("id"), "singlemode" bool NOT NULL, "max_filesize_bytes" integer unsigned NULL);
CREATE TABLE "listfilterdemo_site" ("id" integer NOT NULL PRIMARY KEY AUTOINCREMENT, "name" varchar(100) NOT NULL);
INSERT INTO "listfilterdemo_site" VALUES(1,'Demosite');
CREATE TABLE "listfilterdemo_site_admins" ("id" integer NOT NULL PRIMARY KEY AUTOINCREMENT, "site_id" integer NOT NULL REFERENCES "listfilterdemo_site" ("id"), "user_id" integer NOT NULL REFERENCES "auth_user" ("id"), UNIQUE ("site_id", "user_id"));
INSERT INTO "listfilterdemo_site_admins" VALUES(1,1,1);
INSERT INTO "listfilterdemo_site_admins" VALUES(2,1,2);
CREATE TABLE "listfilterdemo_person" ("id" integer NOT NULL PRIMARY KEY AUTOINCREMENT, "name" varchar(255) NOT NULL, "banned_datetime" datetime NULL, "site_id" integer NOT NULL REFERENCES "listfilterdemo_site" ("id"));
INSERT INTO "listfilterdemo_person" VALUES(1,'Jon Doe',NULL,1);
INSERT INTO "listfilterdemo_person" VALUES(2,'Jane Doe',NULL,1);
INSERT INTO "listfilterdemo_person" VALUES(3,'Angry Man','2015-12-07 04:29:00',1);
CREATE TABLE "django_session" ("session_key" varchar(40) NOT NULL PRIMARY KEY, "session_data" text NOT NULL, "expire_date" datetime NOT NULL);
INSERT INTO "django_session" VALUES('kh8esrsx0t9xok7c32swanove79svw30','NjNhOTY5ZDg3N2UxYzZkYTc2NzQ1NmQxZjRkN2YwYzcwYzhkZDRmZTp7Il9hdXRoX3VzZXJfaGFzaCI6Ijc2NjY4MDU5OTU1Mzk5ZTRlZmUxNDhhOTMzNTMwNTVhZGRkYTliOTUiLCJfYXV0aF91c2VyX2JhY2tlbmQiOiJkamFuZ29fY3JhZG1pbi5hcHBzLmNyYWRtaW5fYXV0aGVudGljYXRlLmJhY2tlbmRzLkVtYWlsQXV0aEJhY2tlbmQiLCJfYXV0aF91c2VyX2lkIjoxfQ==','2015-12-22 12:41:29.346908');
INSERT INTO "django_session" VALUES('pq1jscp7bydr482rth8ruvxv0j2wnhkr','NGEzNzFmYTYwMTYzYmNkMTI4ZTc0MTM1M2NkMzhjYzc4YzlhYjEyZTp7Il9hdXRoX3VzZXJfaGFzaCI6Ijc2NjY4MDU5OTU1Mzk5ZTRlZmUxNDhhOTMzNTMwNTVhZGRkYTliOTUiLCJfYXV0aF91c2VyX2lkIjoxLCJfYXV0aF91c2VyX2JhY2tlbmQiOiJkamFuZ29fY3JhZG1pbi5hcHBzLmNyYWRtaW5fYXV0aGVudGljYXRlLmJhY2tlbmRzLkVtYWlsQXV0aEJhY2tlbmQifQ==','2015-12-23 16:05:38.732294');
INSERT INTO "django_session" VALUES('z05wk8bxez7rr70naa958stycfkswtd2','ODNjMDFiOThhZmI2MDQ1MmVmN2RiZmEzNzM3ZjY4ZjkwMzNjMzI1YTp7Il9hdXRoX3VzZXJfaWQiOiIxIiwiX2F1dGhfdXNlcl9iYWNrZW5kIjoiZGphbmdvX2NyYWRtaW4uYXBwcy5jcmFkbWluX2F1dGhlbnRpY2F0ZS5iYWNrZW5kcy5FbWFpbEF1dGhCYWNrZW5kIiwiX2F1dGhfdXNlcl9oYXNoIjoiNzY2NjgwNTk5NTUzOTllNGVmZTE0OGE5MzM1MzA1NWFkZGRhOWI5NSJ9','2016-01-16 01:10:27.436831');
INSERT INTO "django_session" VALUES('kt15g44c3clx3l76m6n9ve7fu5cl9iju','ODNjMDFiOThhZmI2MDQ1MmVmN2RiZmEzNzM3ZjY4ZjkwMzNjMzI1YTp7Il9hdXRoX3VzZXJfaWQiOiIxIiwiX2F1dGhfdXNlcl9iYWNrZW5kIjoiZGphbmdvX2NyYWRtaW4uYXBwcy5jcmFkbWluX2F1dGhlbnRpY2F0ZS5iYWNrZW5kcy5FbWFpbEF1dGhCYWNrZW5kIiwiX2F1dGhfdXNlcl9oYXNoIjoiNzY2NjgwNTk5NTUzOTllNGVmZTE0OGE5MzM1MzA1NWFkZGRhOWI5NSJ9','2016-01-28 22:22:30.480952');
INSERT INTO "django_session" VALUES('2wz21dm4dast4g7f33v667yneiai9foq','MDZhZjk3YjczNmRhZjk3YWZkNTYyM2M3MDk0MjlhZGRmZTFiYmY2Zjp7Il9hdXRoX3VzZXJfYmFja2VuZCI6ImRqYW5nb19jcmFkbWluLmFwcHMuY3JhZG1pbl9hdXRoZW50aWNhdGUuYmFja2VuZHMuRW1haWxBdXRoQmFja2VuZCIsIl9hdXRoX3VzZXJfaGFzaCI6Ijc2NjY4MDU5OTU1Mzk5ZTRlZmUxNDhhOTMzNTMwNTVhZGRkYTliOTUiLCJfYXV0aF91c2VyX2lkIjoiMSJ9','2016-01-29 18:56:29.664723');
INSERT INTO "django_session" VALUES('f08vo24lapq1vdnp80zkyk5mzscv4glk','ODNjMDFiOThhZmI2MDQ1MmVmN2RiZmEzNzM3ZjY4ZjkwMzNjMzI1YTp7Il9hdXRoX3VzZXJfaWQiOiIxIiwiX2F1dGhfdXNlcl9iYWNrZW5kIjoiZGphbmdvX2NyYWRtaW4uYXBwcy5jcmFkbWluX2F1dGhlbnRpY2F0ZS5iYWNrZW5kcy5FbWFpbEF1dGhCYWNrZW5kIiwiX2F1dGhfdXNlcl9oYXNoIjoiNzY2NjgwNTk5NTUzOTllNGVmZTE0OGE5MzM1MzA1NWFkZGRhOWI5NSJ9','2016-07-18 15:21:57.553983');
INSERT INTO "django_session" VALUES('eaojcdy14o6iuqetzmj9ww5g2z2gin2y','MmU3MmY5OTY4ZjRlY2ViMjcwZGU3NjNhN2UzNDUxYTUwMjhlNjA1Yzp7Il9hdXRoX3VzZXJfYmFja2VuZCI6ImRqYW5nb19jcmFkbWluLmFwcHMuY3JhZG1pbl9hdXRoZW50aWNhdGUuYmFja2VuZHMuRW1haWxBdXRoQmFja2VuZCIsIl9hdXRoX3VzZXJfaWQiOiIxIiwiX2F1dGhfdXNlcl9oYXNoIjoiNzY2NjgwNTk5NTUzOTllNGVmZTE0OGE5MzM1MzA1NWFkZGRhOWI5NSJ9','2016-08-28 14:05:24.557836');
INSERT INTO "django_session" VALUES('ar49h4ttpv2wwhsfftgf7w14hon5f84l','ODNjMDFiOThhZmI2MDQ1MmVmN2RiZmEzNzM3ZjY4ZjkwMzNjMzI1YTp7Il9hdXRoX3VzZXJfaWQiOiIxIiwiX2F1dGhfdXNlcl9iYWNrZW5kIjoiZGphbmdvX2NyYWRtaW4uYXBwcy5jcmFkbWluX2F1dGhlbnRpY2F0ZS5iYWNrZW5kcy5FbWFpbEF1dGhCYWNrZW5kIiwiX2F1dGhfdXNlcl9oYXNoIjoiNzY2NjgwNTk5NTUzOTllNGVmZTE0OGE5MzM1MzA1NWFkZGRhOWI5NSJ9','2016-09-08 15:35:20.597753');
INSERT INTO "django_session" VALUES('l5r5rigdjonilvby86hrtu4mt9cn555n','MzZlYzhjOGMwOTNjOGI4YWU2MDllNGRjM2U0YjNiNDk4MTZmNWRkODp7Il9hdXRoX3VzZXJfaGFzaCI6Ijc2NjY4MDU5OTU1Mzk5ZTRlZmUxNDhhOTMzNTMwNTVhZGRkYTliOTUiLCJfYXV0aF91c2VyX2JhY2tlbmQiOiJkamFuZ29fY3JhZG1pbi5hcHBzLmNyYWRtaW5fYXV0aGVudGljYXRlLmJhY2tlbmRzLkVtYWlsQXV0aEJhY2tlbmQiLCJfYXV0aF91c2VyX2lkIjoiMSJ9','2016-09-13 13:46:18.409347');
INSERT INTO "django_session" VALUES('56hp1c91tgh48yh1fglhlu1mqhoxgjan','MGI3NjA1MWY3N2E5NTk5YWEyNTliMjQ4MTMyZTlmNGZhMDkxNGMwMjp7Il9hdXRoX3VzZXJfaWQiOiIxIiwiX2F1dGhfdXNlcl9oYXNoIjoiNzY2NjgwNTk5NTUzOTllNGVmZTE0OGE5MzM1MzA1NWFkZGRhOWI5NSIsIl9hdXRoX3VzZXJfYmFja2VuZCI6ImRqYW5nb19jcmFkbWluLmFwcHMuY3JhZG1pbl9hdXRoZW50aWNhdGUuYmFja2VuZHMuRW1haWxBdXRoQmFja2VuZCJ9','2016-10-03 11:09:15.376735');
INSERT INTO "django_session" VALUES('ctxqq1irb9m7u45fi7mrexwj6oksg58e','OTc3ZTAxNDg3Y2ZhZDUwYTY0MjMxMGMwZmMzMTMzNDQxNjQ4YzdkMjp7Il9hdXRoX3VzZXJfaGFzaCI6Ijc2NjY4MDU5OTU1Mzk5ZTRlZmUxNDhhOTMzNTMwNTVhZGRkYTliOTUiLCJfYXV0aF91c2VyX2lkIjoiMSIsIl9hdXRoX3VzZXJfYmFja2VuZCI6ImRqYW5nb19jcmFkbWluLmFwcHMuY3JhZG1pbl9hdXRoZW50aWNhdGUuYmFja2VuZHMuRW1haWxBdXRoQmFja2VuZCJ9','2016-10-13 23:15:53.974611');
INSERT INTO "django_session" VALUES('flbbueuplrlg0hxtxufhnw5hecbw34t5','MzZlYzhjOGMwOTNjOGI4YWU2MDllNGRjM2U0YjNiNDk4MTZmNWRkODp7Il9hdXRoX3VzZXJfaGFzaCI6Ijc2NjY4MDU5OTU1Mzk5ZTRlZmUxNDhhOTMzNTMwNTVhZGRkYTliOTUiLCJfYXV0aF91c2VyX2JhY2tlbmQiOiJkamFuZ29fY3JhZG1pbi5hcHBzLmNyYWRtaW5fYXV0aGVudGljYXRlLmJhY2tlbmRzLkVtYWlsQXV0aEJhY2tlbmQiLCJfYXV0aF91c2VyX2lkIjoiMSJ9','2016-11-25 08:46:29.121066');
INSERT INTO "django_session" VALUES('jz0fh4mvavjaxl8sso496ovc5svu0zoz','MGI3NjA1MWY3N2E5NTk5YWEyNTliMjQ4MTMyZTlmNGZhMDkxNGMwMjp7Il9hdXRoX3VzZXJfaWQiOiIxIiwiX2F1dGhfdXNlcl9oYXNoIjoiNzY2NjgwNTk5NTUzOTllNGVmZTE0OGE5MzM1MzA1NWFkZGRhOWI5NSIsIl9hdXRoX3VzZXJfYmFja2VuZCI6ImRqYW5nb19jcmFkbWluLmFwcHMuY3JhZG1pbl9hdXRoZW50aWNhdGUuYmFja2VuZHMuRW1haWxBdXRoQmFja2VuZCJ9','2016-12-21 10:25:39.958540');
INSERT INTO "django_session" VALUES('92oz8ec59hvtcfo96ei6yz7j0b79o3m1','MzZlYzhjOGMwOTNjOGI4YWU2MDllNGRjM2U0YjNiNDk4MTZmNWRkODp7Il9hdXRoX3VzZXJfaGFzaCI6Ijc2NjY4MDU5OTU1Mzk5ZTRlZmUxNDhhOTMzNTMwNTVhZGRkYTliOTUiLCJfYXV0aF91c2VyX2JhY2tlbmQiOiJkamFuZ29fY3JhZG1pbi5hcHBzLmNyYWRtaW5fYXV0aGVudGljYXRlLmJhY2tlbmRzLkVtYWlsQXV0aEJhY2tlbmQiLCJfYXV0aF91c2VyX2lkIjoiMSJ9','2016-12-21 21:49:20.869776');
CREATE TABLE "webdemo_pagetag" ("id" integer NOT NULL PRIMARY KEY AUTOINCREMENT, "tag" varchar(50) NOT NULL, "page_id" integer NOT NULL REFERENCES "webdemo_page" ("id"));
CREATE TABLE "webdemo_site" ("id" integer NOT NULL PRIMARY KEY AUTOINCREMENT, "name" varchar(100) NOT NULL, "description" text NOT NULL);
INSERT INTO "webdemo_site" VALUES(1,'Demosite','A demo site');
INSERT INTO "webdemo_site" VALUES(2,'Comicbook store','The local comicbook store');
CREATE TABLE "webdemo_site_admins" ("id" integer NOT NULL PRIMARY KEY AUTOINCREMENT, "site_id" integer NOT NULL REFERENCES "webdemo_site" ("id"), "user_id" integer NOT NULL REFERENCES "auth_user" ("id"), UNIQUE ("site_id", "user_id"));
INSERT INTO "webdemo_site_admins" VALUES(1,1,1);
INSERT INTO "webdemo_site_admins" VALUES(2,2,1);
CREATE TABLE "webdemo_page_subscribers" ("id" integer NOT NULL PRIMARY KEY AUTOINCREMENT, "page_id" integer NOT NULL REFERENCES "webdemo_page" ("id"), "user_id" integer NOT NULL REFERENCES "auth_user" ("id"), UNIQUE ("page_id", "user_id"));
CREATE TABLE "multiselect2demo_product" ("id" integer NOT NULL PRIMARY KEY AUTOINCREMENT, "name" varchar(255) NOT NULL, "description" text NOT NULL);
INSERT INTO "multiselect2demo_product" VALUES(1,'Green socks','');
INSERT INTO "multiselect2demo_product" VALUES(2,'Red socks','Perfect for christmas!');
INSERT INTO "multiselect2demo_product" VALUES(3,'dsadsd','dsad');
INSERT INTO "multiselect2demo_product" VALUES(4,'Stuff','');
INSERT INTO "multiselect2demo_product" VALUES(5,'Ting','');
INSERT INTO "multiselect2demo_product" VALUES(6,'Tang','');
INSERT INTO "multiselect2demo_product" VALUES(9,'Etiam porta sem malesuada magna mollis euismod. Cum sociis natoque penatibus et magnis dis parturient montes','Vivamus sagittis lacus vel augue laoreet rutrum faucibus dolor auctor. Morbi leo risus, porta ac consectetur ac, vestibulum at eros. Nullam quis risus eget urna mollis ornare vel eu leo. Cum sociis natoque penatibus et magnis dis parturient montes, nascetur ridiculus mus. Lorem ipsum dolor sit amet, consectetur adipiscing elit. Vivamus sagittis lacus vel augue laoreet rutrum faucibus dolor auctor.

Cras mattis consectetur purus sit amet fermentum. Fusce dapibus, tellus ac cursus commodo, tortor mauris condimentum nibh, ut fermentum massa justo sit amet risus. Aenean eu leo quam. Pellentesque ornare sem lacinia quam venenatis vestibulum. Donec id elit non mi porta gravida at eget metus. Lorem ipsum dolor sit amet, consectetur adipiscing elit. Donec ullamcorper nulla non metus auctor fringilla.

Duis mollis, est non commodo luctus, nisi erat porttitor ligula, eget lacinia odio sem nec elit. Donec sed odio dui. Nulla vitae elit libero, a pharetra augue. Curabitur blandit tempus porttitor. Fusce dapibus, tellus ac cursus commodo, tortor mauris condimentum nibh, ut fermentum massa justo sit amet risus. Vivamus sagittis lacus vel augue laoreet rutrum faucibus dolor auctor.');
CREATE TABLE "django_content_type" ("id" integer NOT NULL PRIMARY KEY AUTOINCREMENT, "app_label" varchar(100) NOT NULL, "model" varchar(100) NOT NULL, UNIQUE ("app_label", "model"));
INSERT INTO "django_content_type" VALUES(1,'admin','logentry');
INSERT INTO "django_content_type" VALUES(2,'auth','permission');
INSERT INTO "django_content_type" VALUES(3,'auth','group');
INSERT INTO "django_content_type" VALUES(4,'auth','user');
INSERT INTO "django_content_type" VALUES(5,'contenttypes','contenttype');
INSERT INTO "django_content_type" VALUES(6,'sessions','session');
INSERT INTO "django_content_type" VALUES(7,'cradmin_imagearchive','archiveimage');
INSERT INTO "django_content_type" VALUES(8,'cradmin_temporaryfileuploadstore','temporaryfilecollection');
INSERT INTO "django_content_type" VALUES(9,'cradmin_temporaryfileuploadstore','temporaryfile');
INSERT INTO "django_content_type" VALUES(10,'cradmin_generic_token_with_metadata','generictokenwithmetadata');
INSERT INTO "django_content_type" VALUES(11,'thumbnail','kvstore');
INSERT INTO "django_content_type" VALUES(12,'webdemo','site');
INSERT INTO "django_content_type" VALUES(13,'webdemo','page');
INSERT INTO "django_content_type" VALUES(14,'webdemo','pagetag');
INSERT INTO "django_content_type" VALUES(15,'polls_demo','question');
INSERT INTO "django_content_type" VALUES(16,'polls_demo','choice');
INSERT INTO "django_content_type" VALUES(17,'listfilterdemo','site');
INSERT INTO "django_content_type" VALUES(18,'listfilterdemo','person');
INSERT INTO "django_content_type" VALUES(20,'multiselect2demo','product');
INSERT INTO "django_content_type" VALUES(21,'cradmin_javascript_demos','fictionalfigure');
CREATE TABLE "auth_permission" ("id" integer NOT NULL PRIMARY KEY AUTOINCREMENT, "content_type_id" integer NOT NULL REFERENCES "django_content_type" ("id"), "codename" varchar(100) NOT NULL, "name" varchar(255) NOT NULL, UNIQUE ("content_type_id", "codename"));
INSERT INTO "auth_permission" VALUES(1,1,'add_logentry','Can add log entry');
INSERT INTO "auth_permission" VALUES(2,1,'change_logentry','Can change log entry');
INSERT INTO "auth_permission" VALUES(3,1,'delete_logentry','Can delete log entry');
INSERT INTO "auth_permission" VALUES(4,2,'add_permission','Can add permission');
INSERT INTO "auth_permission" VALUES(5,2,'change_permission','Can change permission');
INSERT INTO "auth_permission" VALUES(6,2,'delete_permission','Can delete permission');
INSERT INTO "auth_permission" VALUES(7,3,'add_group','Can add group');
INSERT INTO "auth_permission" VALUES(8,3,'change_group','Can change group');
INSERT INTO "auth_permission" VALUES(9,3,'delete_group','Can delete group');
INSERT INTO "auth_permission" VALUES(10,4,'add_user','Can add user');
INSERT INTO "auth_permission" VALUES(11,4,'change_user','Can change user');
INSERT INTO "auth_permission" VALUES(12,4,'delete_user','Can delete user');
INSERT INTO "auth_permission" VALUES(13,5,'add_contenttype','Can add content type');
INSERT INTO "auth_permission" VALUES(14,5,'change_contenttype','Can change content type');
INSERT INTO "auth_permission" VALUES(15,5,'delete_contenttype','Can delete content type');
INSERT INTO "auth_permission" VALUES(16,6,'add_session','Can add session');
INSERT INTO "auth_permission" VALUES(17,6,'change_session','Can change session');
INSERT INTO "auth_permission" VALUES(18,6,'delete_session','Can delete session');
INSERT INTO "auth_permission" VALUES(19,7,'add_archiveimage','Can add archive image');
INSERT INTO "auth_permission" VALUES(20,7,'change_archiveimage','Can change archive image');
INSERT INTO "auth_permission" VALUES(21,7,'delete_archiveimage','Can delete archive image');
INSERT INTO "auth_permission" VALUES(22,8,'add_temporaryfilecollection','Can add temporary file collection');
INSERT INTO "auth_permission" VALUES(23,8,'change_temporaryfilecollection','Can change temporary file collection');
INSERT INTO "auth_permission" VALUES(24,8,'delete_temporaryfilecollection','Can delete temporary file collection');
INSERT INTO "auth_permission" VALUES(25,9,'add_temporaryfile','Can add temporary file');
INSERT INTO "auth_permission" VALUES(26,9,'change_temporaryfile','Can change temporary file');
INSERT INTO "auth_permission" VALUES(27,9,'delete_temporaryfile','Can delete temporary file');
INSERT INTO "auth_permission" VALUES(28,10,'add_generictokenwithmetadata','Can add generic token with metadata');
INSERT INTO "auth_permission" VALUES(29,10,'change_generictokenwithmetadata','Can change generic token with metadata');
INSERT INTO "auth_permission" VALUES(30,10,'delete_generictokenwithmetadata','Can delete generic token with metadata');
INSERT INTO "auth_permission" VALUES(31,11,'add_kvstore','Can add kv store');
INSERT INTO "auth_permission" VALUES(32,11,'change_kvstore','Can change kv store');
INSERT INTO "auth_permission" VALUES(33,11,'delete_kvstore','Can delete kv store');
INSERT INTO "auth_permission" VALUES(34,12,'add_site','Can add site');
INSERT INTO "auth_permission" VALUES(35,12,'change_site','Can change site');
INSERT INTO "auth_permission" VALUES(36,12,'delete_site','Can delete site');
INSERT INTO "auth_permission" VALUES(37,13,'add_page','Can add Page');
INSERT INTO "auth_permission" VALUES(38,13,'change_page','Can change Page');
INSERT INTO "auth_permission" VALUES(39,13,'delete_page','Can delete Page');
INSERT INTO "auth_permission" VALUES(40,14,'add_pagetag','Can add page tag');
INSERT INTO "auth_permission" VALUES(41,14,'change_pagetag','Can change page tag');
INSERT INTO "auth_permission" VALUES(42,14,'delete_pagetag','Can delete page tag');
INSERT INTO "auth_permission" VALUES(43,15,'add_question','Can add question');
INSERT INTO "auth_permission" VALUES(44,15,'change_question','Can change question');
INSERT INTO "auth_permission" VALUES(45,15,'delete_question','Can delete question');
INSERT INTO "auth_permission" VALUES(46,16,'add_choice','Can add choice');
INSERT INTO "auth_permission" VALUES(47,16,'change_choice','Can change choice');
INSERT INTO "auth_permission" VALUES(48,16,'delete_choice','Can delete choice');
INSERT INTO "auth_permission" VALUES(49,17,'add_site','Can add site');
INSERT INTO "auth_permission" VALUES(50,17,'change_site','Can change site');
INSERT INTO "auth_permission" VALUES(51,17,'delete_site','Can delete site');
INSERT INTO "auth_permission" VALUES(52,18,'add_person','Can add person');
INSERT INTO "auth_permission" VALUES(53,18,'change_person','Can change person');
INSERT INTO "auth_permission" VALUES(54,18,'delete_person','Can delete person');
INSERT INTO "auth_permission" VALUES(55,19,'add_product','Can add product');
INSERT INTO "auth_permission" VALUES(56,19,'change_product','Can change product');
INSERT INTO "auth_permission" VALUES(57,19,'delete_product','Can delete product');
INSERT INTO "auth_permission" VALUES(58,20,'add_product','Can add product');
INSERT INTO "auth_permission" VALUES(59,20,'change_product','Can change product');
INSERT INTO "auth_permission" VALUES(60,20,'delete_product','Can delete product');
INSERT INTO "auth_permission" VALUES(61,21,'add_fictionalfigure','Can add fictional figure');
INSERT INTO "auth_permission" VALUES(62,21,'change_fictionalfigure','Can change fictional figure');
INSERT INTO "auth_permission" VALUES(63,21,'delete_fictionalfigure','Can delete fictional figure');
CREATE TABLE "webdemo_page" ("id" integer NOT NULL PRIMARY KEY AUTOINCREMENT, "title" varchar(100) NOT NULL, "intro" text NOT NULL, "attachment" varchar(100) NULL, "body" text NOT NULL, "publishing_time" datetime NOT NULL, "unpublish_time" datetime NULL, "internal_notes" text NOT NULL, "image_id" integer NULL REFERENCES "cradmin_imagearchive_archiveimage" ("id"), "site_id" integer NOT NULL REFERENCES "webdemo_site" ("id"), "starred" varchar(3) NOT NULL);
CREATE TABLE "django_admin_log" ("id" integer NOT NULL PRIMARY KEY AUTOINCREMENT, "object_id" text NULL, "object_repr" varchar(200) NOT NULL, "action_flag" smallint unsigned NOT NULL, "change_message" text NOT NULL, "content_type_id" integer NULL REFERENCES "django_content_type" ("id"), "user_id" integer NOT NULL REFERENCES "auth_user" ("id"), "action_time" datetime NOT NULL);
INSERT INTO "django_admin_log" VALUES(1,'1','Red socks',1,'',19,1,'2015-12-08 05:20:25.201512');
INSERT INTO "django_admin_log" VALUES(2,'2','Green socks',1,'',19,1,'2015-12-08 05:20:38.847695');
INSERT INTO "django_admin_log" VALUES(3,'3','Black socks',1,'',19,1,'2015-12-08 05:20:51.512280');
INSERT INTO "django_admin_log" VALUES(4,'4','Virus infected USB-stick 256GB',1,'',19,1,'2015-12-08 05:21:24.647241');
INSERT INTO "django_admin_log" VALUES(5,'5','Virus infected USB-stick 64GB',1,'',19,1,'2015-12-08 05:21:31.275006');
INSERT INTO "django_admin_log" VALUES(6,'1','FictionalFigure object',1,'[{"added": {}}]',21,1,'2016-12-08 20:21:12.735084');
INSERT INTO "django_admin_log" VALUES(7,'2','FictionalFigure object',1,'[{"added": {}}]',21,1,'2016-12-08 20:21:22.035800');
INSERT INTO "django_admin_log" VALUES(8,'3','FictionalFigure object',1,'[{"added": {}}]',21,1,'2016-12-08 20:21:31.918846');
INSERT INTO "django_admin_log" VALUES(9,'4','FictionalFigure object',1,'[{"added": {}}]',21,1,'2016-12-08 20:21:40.700555');
INSERT INTO "django_admin_log" VALUES(10,'5','FictionalFigure object',1,'[{"added": {}}]',21,1,'2016-12-08 20:21:46.020353');
INSERT INTO "django_admin_log" VALUES(11,'6','FictionalFigure object',1,'[{"added": {}}]',21,1,'2016-12-08 20:21:59.305225');
INSERT INTO "django_admin_log" VALUES(12,'7','FictionalFigure object',1,'[{"added": {}}]',21,1,'2016-12-08 20:22:08.776615');
INSERT INTO "django_admin_log" VALUES(13,'5','FictionalFigure object',3,'',21,1,'2016-12-08 20:22:15.149133');
INSERT INTO "django_admin_log" VALUES(14,'8','15.jpg',3,'',7,1,'2016-12-08 20:24:08.408490');
INSERT INTO "django_admin_log" VALUES(15,'7','21.jpg',3,'',7,1,'2016-12-08 20:24:08.411602');
INSERT INTO "django_admin_log" VALUES(16,'6','21.jpg',3,'',7,1,'2016-12-08 20:24:08.412863');
INSERT INTO "django_admin_log" VALUES(17,'5','15.jpg',3,'',7,1,'2016-12-08 20:24:08.413969');
INSERT INTO "django_admin_log" VALUES(18,'4','21.jpg',3,'',7,1,'2016-12-08 20:24:08.414814');
INSERT INTO "django_admin_log" VALUES(19,'3','21.jpg',3,'',7,1,'2016-12-08 20:24:08.415871');
INSERT INTO "django_admin_log" VALUES(20,'2','21.jpg',3,'',7,1,'2016-12-08 20:24:08.417146');
INSERT INTO "django_admin_log" VALUES(21,'1','15.jpg',3,'',7,1,'2016-12-08 20:24:08.418284');
INSERT INTO "django_admin_log" VALUES(22,'7','A',3,'',13,1,'2016-12-08 20:24:33.814456');
INSERT INTO "django_admin_log" VALUES(23,'1','Dolor Nibh Dapibus',3,'',13,1,'2016-12-08 20:24:33.817596');
INSERT INTO "django_admin_log" VALUES(24,'5','Hello world',3,'',13,1,'2016-12-08 20:24:33.819044');
INSERT INTO "django_admin_log" VALUES(25,'3','One more test',3,'',13,1,'2016-12-08 20:24:33.820016');
INSERT INTO "django_admin_log" VALUES(26,'4','Without image test',3,'',13,1,'2016-12-08 20:24:33.821011');
INSERT INTO "django_admin_log" VALUES(27,'8','x',3,'',13,1,'2016-12-08 20:24:33.821978');
CREATE TABLE "auth_user" ("id" integer NOT NULL PRIMARY KEY AUTOINCREMENT, "password" varchar(128) NOT NULL, "last_login" datetime NULL, "is_superuser" bool NOT NULL, "first_name" varchar(30) NOT NULL, "last_name" varchar(30) NOT NULL, "email" varchar(254) NOT NULL, "is_staff" bool NOT NULL, "is_active" bool NOT NULL, "date_joined" datetime NOT NULL, "username" varchar(150) NOT NULL UNIQUE);
INSERT INTO "auth_user" VALUES(1,'pbkdf2_sha256$12000$mpmHCSXO9NTh$+9NHvk8NgKDHpa4IzFp1h5VPg76JM3I2aoH4JYl6xkQ=','2016-12-07 21:49:20.868050',1,'','','grandma@example.com',1,1,'2014-06-19 10:52:07.105000','grandma');
INSERT INTO "auth_user" VALUES(2,'pbkdf2_sha256$12000$WDKBtrzeNHNO$eqG363O2TyX6F8SiH44/r0d199ywq+JSJSufnFbNDnE=','2015-12-07 02:55:00',0,'Peter','Pan','peterpan@example.com',0,1,'2015-12-07 02:55:00','peterpan');
INSERT INTO "auth_user" VALUES(3,'pbkdf2_sha256$12000$gLiIktdF3GzI$0vEtSoZPkSbYVPp1EkBEbgqv6HfQNDKoPbNNnzfo9eE=','2015-12-07 02:56:00',0,'','','dewey@example.com',0,1,'2015-12-07 02:56:00','dewey');
CREATE TABLE "cradmin_javascript_demos_fictionalfigure" ("id" integer NOT NULL PRIMARY KEY AUTOINCREMENT, "name" varchar(255) NOT NULL, "about" text NOT NULL);
INSERT INTO "cradmin_javascript_demos_fictionalfigure" VALUES(1,'Santa Claus','The fat man in the red suit.');
INSERT INTO "cradmin_javascript_demos_fictionalfigure" VALUES(2,'Easter Bunny','The bringer of easter eggs.');
INSERT INTO "cradmin_javascript_demos_fictionalfigure" VALUES(3,'Thor "God of Thunder"','');
INSERT INTO "cradmin_javascript_demos_fictionalfigure" VALUES(4,'Odin','The all father');
INSERT INTO "cradmin_javascript_demos_fictionalfigure" VALUES(6,'Robin Hood','Takes from the rich and gives to the poor.');
INSERT INTO "cradmin_javascript_demos_fictionalfigure" VALUES(7,'Father Time','The personification of time.');
DELETE FROM sqlite_sequence;
INSERT INTO "sqlite_sequence" VALUES('django_migrations',28);
INSERT INTO "sqlite_sequence" VALUES('cradmin_imagearchive_archiveimage',8);
INSERT INTO "sqlite_sequence" VALUES('cradmin_temporaryfileuploadstore_temporaryfile',8);
INSERT INTO "sqlite_sequence" VALUES('cradmin_temporaryfileuploadstore_temporaryfilecollection',8);
INSERT INTO "sqlite_sequence" VALUES('listfilterdemo_person',3);
INSERT INTO "sqlite_sequence" VALUES('webdemo_page_subscribers',30);
INSERT INTO "sqlite_sequence" VALUES('webdemo_site',2);
INSERT INTO "sqlite_sequence" VALUES('webdemo_site_admins',2);
INSERT INTO "sqlite_sequence" VALUES('webdemo_pagetag',5);
INSERT INTO "sqlite_sequence" VALUES('listfilterdemo_site',1);
INSERT INTO "sqlite_sequence" VALUES('listfilterdemo_site_admins',2);
INSERT INTO "sqlite_sequence" VALUES('django_content_type',21);
INSERT INTO "sqlite_sequence" VALUES('auth_permission',63);
INSERT INTO "sqlite_sequence" VALUES('multiselect2demo_product',9);
INSERT INTO "sqlite_sequence" VALUES('webdemo_page',8);
INSERT INTO "sqlite_sequence" VALUES('django_admin_log',27);
INSERT INTO "sqlite_sequence" VALUES('auth_user',3);
INSERT INTO "sqlite_sequence" VALUES('cradmin_generic_token_with_metadata_generictokenwithmetadata',5);
INSERT INTO "sqlite_sequence" VALUES('cradmin_javascript_demos_fictionalfigure',7);
CREATE INDEX "polls_demo_choice_25110688" ON "polls_demo_choice" ("question_id");
CREATE INDEX auth_group_permissions_0e939a4f ON "auth_group_permissions" ("group_id");
CREATE INDEX auth_group_permissions_8373b171 ON "auth_group_permissions" ("permission_id");
CREATE INDEX auth_user_groups_e8701ad4 ON "auth_user_groups" ("user_id");
CREATE INDEX auth_user_groups_0e939a4f ON "auth_user_groups" ("group_id");
CREATE INDEX auth_user_user_permissions_e8701ad4 ON "auth_user_user_permissions" ("user_id");
CREATE INDEX auth_user_user_permissions_8373b171 ON "auth_user_user_permissions" ("permission_id");
CREATE INDEX cradmin_generic_token_with_metadata_generictokenwithmetadata_d2a57dc1 ON "cradmin_generic_token_with_metadata_generictokenwithmetadata" ("app");
CREATE INDEX cradmin_generic_token_with_metadata_generictokenwithmetadata_417f1b1c ON "cradmin_generic_token_with_metadata_generictokenwithmetadata" ("content_type_id");
CREATE INDEX cradmin_imagearchive_archiveimage_97e0b693 ON "cradmin_imagearchive_archiveimage" ("role_content_type_id");
CREATE INDEX cradmin_temporaryfileuploadstore_temporaryfile_435ed7e9 ON "cradmin_temporaryfileuploadstore_temporaryfile" ("filename");
CREATE INDEX cradmin_temporaryfileuploadstore_temporaryfile_0a1a4dd8 ON "cradmin_temporaryfileuploadstore_temporaryfile" ("collection_id");
CREATE INDEX cradmin_temporaryfileuploadstore_temporaryfilecollection_e8701ad4 ON "cradmin_temporaryfileuploadstore_temporaryfilecollection" ("user_id");
CREATE INDEX listfilterdemo_site_admins_9365d6e7 ON "listfilterdemo_site_admins" ("site_id");
CREATE INDEX listfilterdemo_site_admins_e8701ad4 ON "listfilterdemo_site_admins" ("user_id");
CREATE INDEX listfilterdemo_person_9365d6e7 ON "listfilterdemo_person" ("site_id");
CREATE INDEX django_session_de54fa62 ON "django_session" ("expire_date");
CREATE INDEX webdemo_site_admins_9365d6e7 ON "webdemo_site_admins" ("site_id");
CREATE INDEX webdemo_site_admins_e8701ad4 ON "webdemo_site_admins" ("user_id");
CREATE INDEX webdemo_page_subscribers_1a63c800 ON "webdemo_page_subscribers" ("page_id");
CREATE INDEX webdemo_page_subscribers_e8701ad4 ON "webdemo_page_subscribers" ("user_id");
CREATE INDEX "auth_permission_417f1b1c" ON "auth_permission" ("content_type_id");
CREATE INDEX "webdemo_page_f33175e6" ON "webdemo_page" ("image_id");
CREATE INDEX "webdemo_page_9365d6e7" ON "webdemo_page" ("site_id");
CREATE INDEX "django_admin_log_417f1b1c" ON "django_admin_log" ("content_type_id");
CREATE INDEX "django_admin_log_e8701ad4" ON "django_admin_log" ("user_id");
COMMIT;
