BEGIN TRANSACTION;
CREATE TABLE "auth_group" ("id" integer NOT NULL PRIMARY KEY AUTOINCREMENT, "name" varchar(80) NOT NULL UNIQUE);
CREATE TABLE "auth_group_permissions" ("id" integer NOT NULL PRIMARY KEY AUTOINCREMENT, "group_id" integer NOT NULL REFERENCES "auth_group" ("id"), "permission_id" integer NOT NULL REFERENCES "auth_permission" ("id"));
CREATE TABLE "auth_permission" ("id" integer NOT NULL PRIMARY KEY AUTOINCREMENT, "content_type_id" integer NOT NULL REFERENCES "django_content_type" ("id"), "codename" varchar(100) NOT NULL, "name" varchar(255) NOT NULL);
INSERT INTO "auth_permission" VALUES(1,1,'add_logentry','Can add log entry');
INSERT INTO "auth_permission" VALUES(2,1,'change_logentry','Can change log entry');
INSERT INTO "auth_permission" VALUES(3,1,'delete_logentry','Can delete log entry');
INSERT INTO "auth_permission" VALUES(4,2,'add_permission','Can add permission');
INSERT INTO "auth_permission" VALUES(5,2,'change_permission','Can change permission');
INSERT INTO "auth_permission" VALUES(6,2,'delete_permission','Can delete permission');
INSERT INTO "auth_permission" VALUES(7,3,'add_group','Can add group');
INSERT INTO "auth_permission" VALUES(8,3,'change_group','Can change group');
INSERT INTO "auth_permission" VALUES(9,3,'delete_group','Can delete group');
INSERT INTO "auth_permission" VALUES(10,4,'add_user','Can add user');
INSERT INTO "auth_permission" VALUES(11,4,'change_user','Can change user');
INSERT INTO "auth_permission" VALUES(12,4,'delete_user','Can delete user');
INSERT INTO "auth_permission" VALUES(13,5,'add_contenttype','Can add content type');
INSERT INTO "auth_permission" VALUES(14,5,'change_contenttype','Can change content type');
INSERT INTO "auth_permission" VALUES(15,5,'delete_contenttype','Can delete content type');
INSERT INTO "auth_permission" VALUES(16,6,'add_session','Can add session');
INSERT INTO "auth_permission" VALUES(17,6,'change_session','Can change session');
INSERT INTO "auth_permission" VALUES(18,6,'delete_session','Can delete session');
INSERT INTO "auth_permission" VALUES(19,7,'add_generictokenwithmetadata','Can add generic token with metadata');
INSERT INTO "auth_permission" VALUES(20,7,'change_generictokenwithmetadata','Can change generic token with metadata');
INSERT INTO "auth_permission" VALUES(21,7,'delete_generictokenwithmetadata','Can delete generic token with metadata');
INSERT INTO "auth_permission" VALUES(22,8,'add_fictionalfigure','Can add fictional figure');
INSERT INTO "auth_permission" VALUES(23,8,'change_fictionalfigure','Can change fictional figure');
INSERT INTO "auth_permission" VALUES(24,8,'delete_fictionalfigure','Can delete fictional figure');
INSERT INTO "auth_permission" VALUES(25,9,'add_fictionalfigurecollection','Can add fictional figure collection');
INSERT INTO "auth_permission" VALUES(26,9,'change_fictionalfigurecollection','Can change fictional figure collection');
INSERT INTO "auth_permission" VALUES(27,9,'delete_fictionalfigurecollection','Can delete fictional figure collection');
CREATE TABLE "auth_user" ("id" integer NOT NULL PRIMARY KEY AUTOINCREMENT, "password" varchar(128) NOT NULL, "last_login" datetime NULL, "is_superuser" bool NOT NULL, "first_name" varchar(30) NOT NULL, "last_name" varchar(30) NOT NULL, "email" varchar(254) NOT NULL, "is_staff" bool NOT NULL, "is_active" bool NOT NULL, "date_joined" datetime NOT NULL, "username" varchar(150) NOT NULL UNIQUE);
INSERT INTO "auth_user" VALUES(1,'pbkdf2_sha256$36000$mPUTayWmbZJb$019HEmRYWFgtf1wDtATVUsCvM63JeU7o+gbzfAjbwfM=',NULL,1,'','','grandma@example.com',1,1,'2018-03-03 17:39:56.590521','grandma');
CREATE TABLE "auth_user_groups" ("id" integer NOT NULL PRIMARY KEY AUTOINCREMENT, "user_id" integer NOT NULL REFERENCES "auth_user" ("id"), "group_id" integer NOT NULL REFERENCES "auth_group" ("id"));
CREATE TABLE "auth_user_user_permissions" ("id" integer NOT NULL PRIMARY KEY AUTOINCREMENT, "user_id" integer NOT NULL REFERENCES "auth_user" ("id"), "permission_id" integer NOT NULL REFERENCES "auth_permission" ("id"));
CREATE TABLE "cradmin_generic_token_with_metadata_generictokenwithmetadata" ("id" integer NOT NULL PRIMARY KEY AUTOINCREMENT, "app" varchar(255) NOT NULL, "token" varchar(100) NOT NULL UNIQUE, "created_datetime" datetime NOT NULL, "expiration_datetime" datetime NULL, "single_use" bool NOT NULL, "metadata_json" text NOT NULL, "object_id" integer unsigned NOT NULL, "content_type_id" integer NOT NULL REFERENCES "django_content_type" ("id"));
CREATE TABLE "cradmin_javascript_demos_fictionalfigure" ("id" integer NOT NULL PRIMARY KEY AUTOINCREMENT, "name" varchar(255) NOT NULL, "about" text NOT NULL, "is_godlike" bool NOT NULL, "sort_index" integer unsigned NULL, "rating" integer unsigned NOT NULL);
CREATE TABLE "cradmin_javascript_demos_fictionalfigurecollection" ("id" integer NOT NULL PRIMARY KEY AUTOINCREMENT, "name" varchar(255) NOT NULL, "primary_fictional_figure_id" integer NOT NULL REFERENCES "cradmin_javascript_demos_fictionalfigure" ("id"), "secondary_fictional_figure_id" integer NULL REFERENCES "cradmin_javascript_demos_fictionalfigure" ("id"));
CREATE TABLE "cradmin_javascript_demos_fictionalfigurecollection_promoted_fictional_figures" ("id" integer NOT NULL PRIMARY KEY AUTOINCREMENT, "fictionalfigurecollection_id" integer NOT NULL REFERENCES "cradmin_javascript_demos_fictionalfigurecollection" ("id"), "fictionalfigure_id" integer NOT NULL REFERENCES "cradmin_javascript_demos_fictionalfigure" ("id"));
CREATE TABLE "django_admin_log" ("id" integer NOT NULL PRIMARY KEY AUTOINCREMENT, "object_id" text NULL, "object_repr" varchar(200) NOT NULL, "action_flag" smallint unsigned NOT NULL, "change_message" text NOT NULL, "content_type_id" integer NULL REFERENCES "django_content_type" ("id"), "user_id" integer NOT NULL REFERENCES "auth_user" ("id"), "action_time" datetime NOT NULL);
CREATE TABLE "django_content_type" ("id" integer NOT NULL PRIMARY KEY AUTOINCREMENT, "app_label" varchar(100) NOT NULL, "model" varchar(100) NOT NULL);
INSERT INTO "django_content_type" VALUES(1,'admin','logentry');
INSERT INTO "django_content_type" VALUES(2,'auth','permission');
INSERT INTO "django_content_type" VALUES(3,'auth','group');
INSERT INTO "django_content_type" VALUES(4,'auth','user');
INSERT INTO "django_content_type" VALUES(5,'contenttypes','contenttype');
INSERT INTO "django_content_type" VALUES(6,'sessions','session');
INSERT INTO "django_content_type" VALUES(7,'cradmin_generic_token_with_metadata','generictokenwithmetadata');
INSERT INTO "django_content_type" VALUES(8,'cradmin_javascript_demos','fictionalfigure');
INSERT INTO "django_content_type" VALUES(9,'cradmin_javascript_demos','fictionalfigurecollection');
CREATE TABLE "django_migrations" ("id" integer NOT NULL PRIMARY KEY AUTOINCREMENT, "app" varchar(255) NOT NULL, "name" varchar(255) NOT NULL, "applied" datetime NOT NULL);
INSERT INTO "django_migrations" VALUES(1,'contenttypes','0001_initial','2018-03-03 17:39:41.553510');
INSERT INTO "django_migrations" VALUES(2,'auth','0001_initial','2018-03-03 17:39:41.572957');
INSERT INTO "django_migrations" VALUES(3,'admin','0001_initial','2018-03-03 17:39:41.585807');
INSERT INTO "django_migrations" VALUES(4,'admin','0002_logentry_remove_auto_add','2018-03-03 17:39:41.600234');
INSERT INTO "django_migrations" VALUES(5,'contenttypes','0002_remove_content_type_name','2018-03-03 17:39:41.625745');
INSERT INTO "django_migrations" VALUES(6,'auth','0002_alter_permission_name_max_length','2018-03-03 17:39:41.633986');
INSERT INTO "django_migrations" VALUES(7,'auth','0003_alter_user_email_max_length','2018-03-03 17:39:41.646220');
INSERT INTO "django_migrations" VALUES(8,'auth','0004_alter_user_username_opts','2018-03-03 17:39:41.658201');
INSERT INTO "django_migrations" VALUES(9,'auth','0005_alter_user_last_login_null','2018-03-03 17:39:41.669585');
INSERT INTO "django_migrations" VALUES(10,'auth','0006_require_contenttypes_0002','2018-03-03 17:39:41.671364');
INSERT INTO "django_migrations" VALUES(11,'auth','0007_alter_validators_add_error_messages','2018-03-03 17:39:41.683714');
INSERT INTO "django_migrations" VALUES(12,'auth','0008_alter_user_username_max_length','2018-03-03 17:39:41.722742');
INSERT INTO "django_migrations" VALUES(13,'cradmin_generic_token_with_metadata','0001_initial','2018-03-03 17:39:41.735972');
INSERT INTO "django_migrations" VALUES(14,'cradmin_javascript_demos','0001_initial','2018-03-03 17:39:41.740653');
INSERT INTO "django_migrations" VALUES(15,'cradmin_javascript_demos','0002_fictionalfigurecollection','2018-03-03 17:39:41.749031');
INSERT INTO "django_migrations" VALUES(16,'cradmin_javascript_demos','0003_auto_20161212_0033','2018-03-03 17:39:41.757456');
INSERT INTO "django_migrations" VALUES(17,'cradmin_javascript_demos','0004_fictionalfigure_is_godlike','2018-03-03 17:39:41.765045');
INSERT INTO "django_migrations" VALUES(18,'cradmin_javascript_demos','0005_auto_20170127_1900','2018-03-03 17:39:41.776561');
INSERT INTO "django_migrations" VALUES(19,'cradmin_javascript_demos','0006_fictionalfigure_rating','2018-03-03 17:39:41.784087');
INSERT INTO "django_migrations" VALUES(20,'sessions','0001_initial','2018-03-03 17:39:41.790038');
CREATE TABLE "django_session" ("session_key" varchar(40) NOT NULL PRIMARY KEY, "session_data" text NOT NULL, "expire_date" datetime NOT NULL);
DELETE FROM "sqlite_sequence";
INSERT INTO "sqlite_sequence" VALUES('django_migrations',20);
INSERT INTO "sqlite_sequence" VALUES('django_admin_log',0);
INSERT INTO "sqlite_sequence" VALUES('django_content_type',9);
INSERT INTO "sqlite_sequence" VALUES('auth_permission',27);
INSERT INTO "sqlite_sequence" VALUES('auth_user',1);
INSERT INTO "sqlite_sequence" VALUES('cradmin_javascript_demos_fictionalfigurecollection',0);
INSERT INTO "sqlite_sequence" VALUES('cradmin_javascript_demos_fictionalfigure',0);
CREATE UNIQUE INDEX "auth_group_permissions_group_id_permission_id_0cd325b0_uniq" ON "auth_group_permissions" ("group_id", "permission_id");
CREATE INDEX "auth_group_permissions_group_id_b120cbf9" ON "auth_group_permissions" ("group_id");
CREATE INDEX "auth_group_permissions_permission_id_84c5c92e" ON "auth_group_permissions" ("permission_id");
CREATE UNIQUE INDEX "auth_user_groups_user_id_group_id_94350c0c_uniq" ON "auth_user_groups" ("user_id", "group_id");
CREATE INDEX "auth_user_groups_user_id_6a12ed8b" ON "auth_user_groups" ("user_id");
CREATE INDEX "auth_user_groups_group_id_97559544" ON "auth_user_groups" ("group_id");
CREATE UNIQUE INDEX "auth_user_user_permissions_user_id_permission_id_14a6b632_uniq" ON "auth_user_user_permissions" ("user_id", "permission_id");
CREATE INDEX "auth_user_user_permissions_user_id_a95ead1b" ON "auth_user_user_permissions" ("user_id");
CREATE INDEX "auth_user_user_permissions_permission_id_1fbb5f2c" ON "auth_user_user_permissions" ("permission_id");
CREATE INDEX "django_admin_log_content_type_id_c4bce8eb" ON "django_admin_log" ("content_type_id");
CREATE INDEX "django_admin_log_user_id_c564eba6" ON "django_admin_log" ("user_id");
CREATE UNIQUE INDEX "django_content_type_app_label_model_76bd3d3b_uniq" ON "django_content_type" ("app_label", "model");
CREATE UNIQUE INDEX "auth_permission_content_type_id_codename_01ab375a_uniq" ON "auth_permission" ("content_type_id", "codename");
CREATE INDEX "auth_permission_content_type_id_2f476e4b" ON "auth_permission" ("content_type_id");
CREATE INDEX "cradmin_generic_token_with_metadata_generictokenwithmetadata_app_eb8d47f3" ON "cradmin_generic_token_with_metadata_generictokenwithmetadata" ("app");
CREATE INDEX "cradmin_generic_token_with_metadata_generictokenwithmetadata_content_type_id_6e0a27ae" ON "cradmin_generic_token_with_metadata_generictokenwithmetadata" ("content_type_id");
CREATE UNIQUE INDEX "cradmin_javascript_demos_fictionalfigurecollection_promoted_fictional_figures_fictionalfigurecollection_id_fictionalfigure_id_b907d663_uniq" ON "cradmin_javascript_demos_fictionalfigurecollection_promoted_fictional_figures" ("fictionalfigurecollection_id", "fictionalfigure_id");
CREATE INDEX "cradmin_javascript_demos_fictionalfigurecollection_promoted_fictional_figures_fictionalfigurecollection_id_b1637b6f" ON "cradmin_javascript_demos_fictionalfigurecollection_promoted_fictional_figures" ("fictionalfigurecollection_id");
CREATE INDEX "cradmin_javascript_demos_fictionalfigurecollection_promoted_fictional_figures_fictionalfigure_id_8b6349fc" ON "cradmin_javascript_demos_fictionalfigurecollection_promoted_fictional_figures" ("fictionalfigure_id");
CREATE INDEX "cradmin_javascript_demos_fictionalfigurecollection_primary_fictional_figure_id_bb4b65bf" ON "cradmin_javascript_demos_fictionalfigurecollection" ("primary_fictional_figure_id");
CREATE INDEX "cradmin_javascript_demos_fictionalfigurecollection_secondary_fictional_figure_id_a405eb8b" ON "cradmin_javascript_demos_fictionalfigurecollection" ("secondary_fictional_figure_id");
CREATE INDEX "django_session_expire_date_a5c62663" ON "django_session" ("expire_date");
COMMIT;
